date,open,high,low,close,
2021.12.23 00:00,4703.4,4703.8,4699.3,4703.1
2021.12.22 00:00,4650.1,4705.8,4634.6,4703.8
2021.12.21 00:00,4592.0,4655.7,4579.1,4650.1
2021.12.20 00:00,4598.0,4606.0,4533.4,4591.8
2021.12.19 00:00,4626.1,4634.3,4596.4,4598.2
2021.12.17 00:00,4671.5,4680.7,4603.0,4632.0
2021.12.16 00:00,4721.0,4756.2,4655.4,4671.0
2021.12.15 00:00,4640.6,4724.9,4615.7,4721.2
2021.12.14 00:00,4677.9,4690.0,4609.7,4640.4
2021.12.13 00:00,4726.1,4737.1,4669.6,4678.1
2021.12.12 00:00,4720.1,4727.3,4719.8,4726.3
2021.12.10 00:00,4674.3,4719.2,4666.3,4718.3
2021.12.09 00:00,4697.5,4707.4,4664.3,4674.1
2021.12.08 00:00,4691.1,4713.6,4673.8,4697.8
2021.12.07 00:00,4595.4,4699.1,4589.1,4691.3
2021.12.06 00:00,4559.6,4613.1,4534.8,4595.4
2021.12.05 00:00,4548.4,4561.7,4538.1,4559.7
2021.12.03 00:00,4564.2,4608.7,4496.0,4535.5
2021.12.02 00:00,4530.2,4596.0,4509.6,4564.4
2021.12.01 00:00,4588.5,4653.4,4502.0,4530.2
2021.11.30 00:00,4666.0,4670.5,4561.8,4588.4
2021.11.29 00:00,4629.0,4673.3,4623.6,4666.0
2021.11.28 00:00,4592.5,4634.5,4592.5,4629.0
2021.11.26 00:00,4692.1,4692.1,4581.7,4583.2
2021.11.25 00:00,4705.8,4721.2,4690.4,4692.1
2021.11.24 00:00,4686.7,4707.2,4660.6,4705.9
2021.11.23 00:00,4689.7,4700.0,4653.5,4686.4
2021.11.22 00:00,4701.5,4744.5,4678.7,4689.6
2021.11.21 00:00,4705.7,4708.5,4701.2,4701.5
2021.11.19 00:00,4709.9,4728.5,4688.9,4702.5
2021.11.18 00:00,4693.6,4712.3,4673.1,4710.0
2021.11.17 00:00,4704.5,4706.4,4685.0,4693.6
2021.11.16 00:00,4686.0,4715.8,4677.0,4704.6
2021.11.15 00:00,4691.5,4704.0,4673.6,4685.8
2021.11.14 00:00,4690.6,4695.9,4689.8,4691.4
2021.11.12 00:00,4657.7,4692.2,4650.5,4687.8
2021.11.11 00:00,4648.7,4668.6,4647.9,4657.6
2021.11.10 00:00,4679.1,4687.1,4632.5,4648.9
2021.11.09 00:00,4696.6,4708.3,4671.8,4678.8
2021.11.08 00:00,4692.6,4715.4,4684.9,4696.6
2021.11.07 00:00,4686.4,4697.9,4686.4,4692.9
2021.11.05 00:00,4685.5,4719.8,4675.8,4694.0
2021.11.04 00:00,4667.8,4685.6,4659.4,4685.3
2021.11.03 00:00,4628.4,4669.1,4622.3,4667.9
2021.11.02 00:00,4612.3,4636.2,4602.4,4628.5
2021.11.01 00:00,4619.2,4628.5,4595.8,4612.1
2021.10.31 00:00,4617.8,4622.2,4611.8,4619.3
2021.10.29 00:00,4583.8,4612.3,4568.5,4611.3
2021.10.28 00:00,4563.2,4599.3,4554.7,4583.6
2021.10.27 00:00,4579.2,4586.0,4553.5,4563.0
2021.10.26 00:00,4576.5,4599.5,4570.6,4579.1
2021.10.25 00:00,4535.5,4577.0,4535.3,4576.4
2021.10.24 00:00,4540.0,4542.0,4532.4,4535.3
2021.10.22 00:00,4539.5,4561.2,4525.3,4539.0
2021.10.21 00:00,4530.1,4552.7,4520.0,4539.4
2021.10.20 00:00,4525.5,4541.9,4513.9,4530.1
2021.10.19 00:00,4487.4,4527.4,4482.4,4525.4
2021.10.18 00:00,4462.6,4489.6,4446.3,4487.2
2021.10.17 00:00,4476.4,4479.1,4462.1,4462.4
2021.10.15 00:00,4445.8,4477.0,4436.0,4474.5
2021.10.14 00:00,4372.1,4447.8,4371.7,4446.0
2021.10.13 00:00,4338.3,4374.8,4329.3,4372.2
2021.10.12 00:00,4358.6,4375.8,4327.7,4338.2
2021.10.11 00:00,4368.7,4417.7,4352.6,4358.7
2021.10.10 00:00,4392.7,4398.2,4362.7,4368.5
2021.10.08 00:00,4410.8,4417.9,4386.6,4390.9
2021.10.07 00:00,4376.0,4431.6,4373.3,4410.7
2021.10.06 00:00,4339.6,4381.8,4285.5,4376.1
2021.10.05 00:00,4304.9,4371.0,4281.0,4339.7
2021.10.04 00:00,4369.8,4370.3,4279.6,4305.0
2021.10.03 00:00,4360.0,4373.5,4359.0,4369.8
2021.10.01 00:00,4317.3,4377.5,4272.2,4362.2
2021.09.30 00:00,4373.8,4399.8,4306.1,4317.8
2021.09.29 00:00,4367.5,4390.5,4356.2,4374.1
2021.09.28 00:00,4441.8,4453.9,4347.0,4367.5
2021.09.27 00:00,4464.5,4484.0,4437.5,4441.8
2021.09.26 00:00,4458.5,4466.0,4457.5,4464.3
2021.09.24 00:00,4453.1,4465.1,4423.2,4458.1
2021.09.23 00:00,4404.4,4467.1,4403.0,4453.1
2021.09.22 00:00,4343.9,4418.7,4333.6,4404.4
2021.09.21 00:00,4368.5,4407.7,4341.7,4343.9
2021.09.20 00:00,4428.7,4430.8,4306.7,4368.4
2021.09.19 00:00,4424.2,4429.2,4417.2,4428.8
2021.09.17 00:00,4470.4,4485.4,4419.1,4420.9
2021.09.16 00:00,4487.7,4490.4,4446.0,4470.2
2021.09.15 00:00,4454.0,4490.2,4440.4,4487.9
2021.09.14 00:00,4479.1,4492.1,4438.2,4454.1
2021.09.13 00:00,4477.6,4496.5,4449.0,4479.1
2021.09.12 00:00,4463.6,4478.6,4463.6,4477.5
2021.09.10 00:00,4492.6,4520.3,4459.4,4464.3
2021.09.09 00:00,4509.2,4530.8,4487.4,4492.6
2021.09.08 00:00,4516.6,4526.8,4494.2,4509.2
2021.09.07 00:00,4541.2,4543.2,4513.3,4516.5
2021.09.06 00:00,4530.2,4550.2,4526.0,4541.4
2021.09.05 00:00,4535.9,4536.9,4530.0,4530.4
2021.09.03 00:00,4537.0,4551.7,4521.6,4536.0
2021.09.02 00:00,4525.7,4545.7,4518.3,4537.0
2021.09.01 00:00,4531.6,4543.2,4521.8,4525.7
2021.08.31 00:00,4530.8,4545.4,4516.4,4531.5
2021.08.30 00:00,4514.8,4538.2,4505.0,4530.8
2021.08.29 00:00,4511.4,4517.2,4509.7,4514.7
2021.08.27 00:00,4469.8,4514.0,4466.2,4511.9
2021.08.26 00:00,4496.5,4496.9,4468.4,4470.1
2021.08.25 00:00,4485.8,4501.9,4480.5,4496.4
2021.08.24 00:00,4487.9,4496.1,4481.2,4485.8
2021.08.23 00:00,4444.3,4489.9,4443.8,4487.6
2021.08.22 00:00,4439.2,4446.8,4437.9,4444.5
2021.08.20 00:00,4399.2,4445.1,4376.5,4442.3
2021.08.19 00:00,4396.3,4419.5,4352.8,4399.4
2021.08.18 00:00,4438.8,4454.8,4387.0,4396.5
2021.08.17 00:00,4476.9,4477.3,4418.3,4438.8
2021.08.16 00:00,4463.8,4482.7,4438.7,4477.1
2021.08.15 00:00,4463.5,4465.0,4461.3,4463.8
2021.08.13 00:00,4458.8,4469.4,4457.6,4466.1
2021.08.12 00:00,4445.8,4462.6,4436.9,4458.9
2021.08.11 00:00,4435.3,4450.8,4428.7,4445.9
2021.08.10 00:00,4433.0,4445.9,4424.6,4435.4
2021.08.09 00:00,4425.3,4440.8,4422.8,4433.2
2021.08.08 00:00,4436.1,4436.7,4423.3,4425.6
2021.08.06 00:00,4424.6,4441.0,4423.9,4438.1
2021.08.05 00:00,4405.7,4431.0,4402.2,4424.6
2021.08.04 00:00,4416.7,4423.4,4400.0,4406.0
2021.08.03 00:00,4394.8,4425.1,4373.7,4416.9
2021.08.02 00:00,4415.1,4427.9,4385.7,4394.7
2021.08.01 00:00,4405.9,4417.2,4404.1,4415.2
2021.07.30 00:00,4395.4,4413.0,4379.0,4403.3
2021.07.29 00:00,4403.0,4431.1,4389.4,4395.3
2021.07.28 00:00,4401.7,4417.0,4387.2,4403.1
2021.07.27 00:00,4420.5,4421.7,4374.3,4401.6
2021.07.26 00:00,4411.3,4425.6,4384.5,4420.6
2021.07.25 00:00,4410.3,4413.8,4408.8,4411.3
2021.07.23 00:00,4378.0,4416.2,4376.1,4407.7
2021.07.22 00:00,4363.5,4380.3,4350.5,4378.0
2021.07.21 00:00,4333.4,4366.0,4318.9,4363.5
2021.07.20 00:00,4270.8,4337.4,4261.9,4333.6
2021.07.19 00:00,4317.2,4318.6,4233.6,4270.9
2021.07.18 00:00,4328.3,4329.7,4312.2,4317.3
2021.07.16 00:00,4352.5,4376.7,4323.9,4328.0
2021.07.15 00:00,4376.8,4379.4,4342.0,4352.6
2021.07.14 00:00,4364.8,4393.5,4359.3,4376.9
2021.07.13 00:00,4386.9,4393.2,4364.4,4365.0
2021.07.12 00:00,4372.7,4388.2,4351.5,4387.0
2021.07.11 00:00,4372.7,4374.7,4369.4,4372.8
2021.07.09 00:00,4318.3,4373.0,4302.8,4371.2
2021.07.08 00:00,4360.4,4361.9,4289.1,4318.0
2021.07.07 00:00,4338.2,4363.4,4331.0,4360.2
2021.07.06 00:00,4357.0,4358.7,4316.3,4338.4
2021.07.05 00:00,4350.1,4358.0,4343.8,4357.0
2021.07.04 00:00,4350.6,4353.4,4349.2,4350.0
2021.07.02 00:00,4320.2,4357.7,4319.9,4349.4
2021.07.01 00:00,4306.0,4323.1,4297.5,4320.1
2021.06.30 00:00,4299.3,4306.5,4280.6,4305.8
2021.06.29 00:00,4288.6,4302.3,4283.2,4299.3
2021.06.28 00:00,4289.1,4293.6,4276.4,4288.9
2021.06.27 00:00,4288.6,4290.4,4287.0,4288.9
2021.06.25 00:00,4271.5,4288.4,4265.4,4286.1
2021.06.24 00:00,4249.1,4274.6,4248.9,4271.4
2021.06.23 00:00,4249.9,4260.4,4242.9,4249.2
2021.06.22 00:00,4229.9,4257.7,4218.2,4250.0
2021.06.21 00:00,4162.1,4233.6,4139.2,4229.6
2021.06.20 00:00,4156.6,4164.8,4155.4,4162.3
2021.06.18 00:00,4227.8,4232.5,4153.5,4154.2
2021.06.17 00:00,4209.2,4234.8,4195.6,4227.9
2021.06.16 00:00,4249.8,4254.1,4204.6,4209.2
2021.06.15 00:00,4256.4,4270.3,4240.6,4249.5
2021.06.14 00:00,4252.0,4260.6,4236.6,4256.5
2021.06.13 00:00,4249.2,4253.0,4248.7,4251.8
2021.06.11 00:00,4239.2,4249.5,4232.8,4247.0
2021.06.10 00:00,4223.1,4250.3,4208.6,4239.0
2021.06.09 00:00,4227.5,4236.8,4218.8,4223.1
2021.06.08 00:00,4227.6,4238.5,4207.7,4227.5
2021.06.07 00:00,4230.7,4234.6,4216.0,4227.7
2021.06.06 00:00,4233.3,4233.3,4229.2,4231.0
2021.06.04 00:00,4188.6,4233.8,4179.2,4229.6
2021.06.03 00:00,4210.7,4215.5,4167.6,4188.4
2021.06.02 00:00,4198.8,4217.7,4194.6,4210.6
2021.06.01 00:00,4204.2,4233.3,4193.8,4198.8
2021.05.31 00:00,4211.0,4213.5,4193.7,4204.3
2021.05.30 00:00,4209.3,4213.9,4208.4,4210.9
2021.05.28 00:00,4218.1,4221.1,4204.8,4206.6
2021.05.27 00:00,4196.5,4219.6,4181.7,4218.0
2021.05.26 00:00,4198.1,4208.4,4185.0,4196.7
2021.05.25 00:00,4205.4,4217.0,4183.6,4198.2
2021.05.24 00:00,4153.9,4210.4,4153.9,4205.4
2021.05.23 00:00,4155.4,4159.9,4146.9,4154.2
2021.05.21 00:00,4166.0,4189.4,4151.8,4162.3
2021.05.20 00:00,4105.3,4173.5,4089.1,4165.8
2021.05.19 00:00,4114.8,4127.3,4061.6,4105.3
2021.05.18 00:00,4170.6,4185.3,4114.4,4114.5
2021.05.17 00:00,4176.5,4177.5,4143.0,4170.8
2021.05.16 00:00,4176.0,4184.8,4174.5,4176.5
2021.05.14 00:00,4118.9,4184.1,4117.2,4179.2
2021.05.13 00:00,4071.2,4132.4,4035.7,4119.2
2021.05.12 00:00,4153.5,4157.5,4058.4,4071.5
2021.05.11 00:00,4191.4,4193.0,4112.1,4153.5
2021.05.10 00:00,4239.3,4245.5,4180.6,4191.5
2021.05.09 00:00,4234.5,4240.5,4232.5,4239.3
2021.05.07 00:00,4201.9,4239.8,4199.4,4234.5
2021.05.06 00:00,4168.9,4205.4,4149.2,4201.9
2021.05.05 00:00,4168.6,4188.9,4162.2,4169.2
2021.05.04 00:00,4189.0,4193.6,4129.7,4168.6
2021.05.03 00:00,4196.9,4211.3,4187.9,4189.1
2021.05.02 00:00,4192.1,4197.3,4191.6,4196.8
2021.04.30 00:00,4206.1,4207.6,4176.4,4189.2
2021.04.29 00:00,4197.7,4219.8,4177.3,4206.0
2021.04.28 00:00,4189.8,4203.2,4182.2,4197.9
2021.04.27 00:00,4192.7,4200.3,4176.3,4189.7
2021.04.26 00:00,4176.0,4195.3,4173.2,4192.8
2021.04.25 00:00,4179.2,4182.0,4175.5,4176.0
2021.04.23 00:00,4139.0,4195.9,4136.7,4175.1
2021.04.22 00:00,4163.7,4180.5,4125.2,4138.9
2021.04.21 00:00,4131.4,4176.0,4122.2,4163.7
2021.04.20 00:00,4170.9,4175.9,4119.7,4131.4
2021.04.19 00:00,4173.0,4183.2,4150.9,4170.6
2021.04.18 00:00,4174.3,4177.3,4171.8,4173.0
2021.04.16 00:00,4171.2,4192.0,4163.1,4181.0
2021.04.15 00:00,4131.7,4175.3,4128.2,4171.5
2021.04.14 00:00,4139.2,4152.4,4121.7,4131.7
2021.04.13 00:00,4130.6,4148.7,4110.4,4139.2
2021.04.12 00:00,4119.8,4133.1,4113.6,4130.6
2021.04.11 00:00,4123.3,4126.6,4119.6,4119.6
2021.04.09 00:00,4108.5,4130.2,4090.1,4122.6
2021.04.08 00:00,4088.9,4108.5,4082.1,4108.5
2021.04.07 00:00,4080.8,4091.9,4066.4,4088.9
2021.04.06 00:00,4080.6,4085.6,4061.9,4080.9
2021.04.05 00:00,4042.0,4083.6,4030.9,4080.8
2021.04.04 00:00,4040.0,4042.9,4032.1,4041.9
2021.04.02 00:00,4026.0,4047.9,4024.2,4037.0
2021.04.01 00:00,3980.7,4026.7,3974.4,4026.0
2021.03.31 00:00,3960.9,3993.4,3951.6,3980.7
2021.03.30 00:00,3976.4,3976.4,3944.0,3960.8
2021.03.29 00:00,3961.7,3981.7,3939.6,3976.4
2021.03.28 00:00,3974.1,3974.1,3961.6,3961.6
2021.03.26 00:00,3917.7,3978.4,3912.5,3973.0
2021.03.25 00:00,3896.8,3921.6,3853.9,3917.7
2021.03.24 00:00,3909.8,3941.9,3888.4,3896.7
2021.03.23 00:00,3947.1,3949.2,3901.5,3909.7
2021.03.22 00:00,3907.2,3955.1,3896.0,3947.1
2021.03.21 00:00,3902.2,3909.5,3897.5,3907.1
2021.03.19 00:00,3920.3,3933.9,3885.9,3907.6
2021.03.18 00:00,3983.6,3989.3,3911.6,3920.4
2021.03.17 00:00,3965.7,3984.2,3936.1,3983.3
2021.03.16 00:00,3962.8,3981.6,3953.8,3965.6
2021.03.15 00:00,3952.7,3971.4,3924.2,3962.8
2021.03.14 00:00,3949.9,3955.4,3942.7,3952.7
2021.03.12 00:00,3942.1,3949.3,3911.5,3943.7
2021.03.11 00:00,3901.9,3960.2,3894.9,3942.4
2021.03.10 00:00,3877.8,3918.1,3858.9,3902.0
2021.03.09 00:00,3840.5,3903.3,3828.4,3878.2
2021.03.08 00:00,3856.7,3881.5,3798.9,3840.4
2021.03.07 00:00,3858.4,3868.4,3853.4,3856.7
2021.03.05 00:00,3760.1,3852.4,3731.2,3842.9
2021.03.04 00:00,3798.9,3844.4,3722.9,3760.6
2021.03.03 00:00,3879.8,3900.6,3797.9,3798.8
2021.03.02 00:00,3907.0,3909.2,3868.7,3880.0
2021.03.01 00:00,3839.5,3914.9,3836.5,3907.2
2021.02.28 00:00,3823.0,3839.7,3816.0,3839.5
2021.02.26 00:00,3823.6,3861.3,3788.0,3811.1
2021.02.25 00:00,3936.5,3937.5,3813.6,3823.9
2021.02.24 00:00,3877.3,3938.0,3856.0,3936.8
2021.02.23 00:00,3882.5,3900.1,3809.0,3877.5
2021.02.22 00:00,3908.1,3918.5,3865.2,3882.5
2021.02.21 00:00,3911.9,3915.1,3898.4,3908.1
2021.02.19 00:00,3910.2,3935.1,3895.0,3903.7
2021.02.18 00:00,3935.6,3940.7,3885.2,3910.3
2021.02.17 00:00,3926.1,3937.1,3901.2,3935.5
2021.02.16 00:00,3952.6,3964.6,3924.3,3926.1
2021.02.15 00:00,3942.3,3957.8,3941.8,3952.6
2021.02.14 00:00,3942.8,3945.9,3940.1,3942.3
2021.02.12 00:00,3916.9,3941.4,3895.4,3940.9
2021.02.11 00:00,3912.0,3926.5,3890.8,3916.9
2021.02.10 00:00,3915.5,3933.9,3884.8,3911.9
2021.02.09 00:00,3916.4,3918.7,3901.6,3915.5
2021.02.08 00:00,3897.7,3919.6,3891.9,3916.6
2021.02.07 00:00,3897.2,3902.4,3892.5,3897.7
2021.02.05 00:00,3872.7,3895.4,3867.2,3891.8
2021.02.04 00:00,3840.0,3877.0,3818.9,3872.9
2021.02.03 00:00,3836.8,3851.3,3815.8,3840.2
2021.02.02 00:00,3777.6,3843.6,3768.1,3836.6
2021.02.01 00:00,3685.1,3784.8,3684.4,3777.8
2021.01.31 00:00,3697.3,3701.4,3665.4,3684.9
2021.01.29 00:00,3774.6,3784.3,3693.7,3704.9
2021.01.28 00:00,3716.9,3831.7,3715.0,3774.5
2021.01.27 00:00,3855.7,3857.5,3712.0,3717.0
2021.01.26 00:00,3853.6,3870.8,3830.2,3855.7
2021.01.25 00:00,3849.6,3861.6,3797.2,3853.9
2021.01.24 00:00,3843.6,3852.8,3842.6,3849.8
2021.01.22 00:00,3852.1,3856.7,3821.6,3838.5
2021.01.21 00:00,3856.4,3867.9,3845.0,3852.2
2021.01.20 00:00,3812.0,3861.0,3797.2,3856.4
2021.01.19 00:00,3781.5,3812.3,3780.9,3812.0
2021.01.18 00:00,3758.0,3782.0,3751.6,3781.5
2021.01.17 00:00,3759.3,3768.5,3755.5,3758.3
2021.01.15 00:00,3803.4,3804.4,3750.0,3754.8
2021.01.14 00:00,3814.9,3826.2,3794.9,3803.5
2021.01.13 00:00,3805.4,3822.4,3785.7,3815.2
2021.01.12 00:00,3805.8,3815.6,3776.8,3805.4
2021.01.11 00:00,3818.6,3822.6,3785.4,3806.2
2021.01.10 00:00,3822.8,3829.6,3816.8,3818.6
2021.01.08 00:00,3808.5,3832.6,3784.2,3830.7
2021.01.07 00:00,3758.9,3813.1,3751.3,3808.3
2021.01.06 00:00,3723.6,3784.5,3695.6,3758.9
2021.01.05 00:00,3703.1,3739.4,3683.0,3723.6
2021.01.04 00:00,3758.9,3783.5,3662.8,3703.1
2021.01.03 00:00,3761.4,3764.9,3752.4,3759.2
2020.12.31 00:00,3736.9,3762.9,3725.4,3758.9
2020.12.30 00:00,3731.8,3748.6,3727.0,3736.9
2020.12.29 00:00,3745.5,3758.3,3725.3,3732.1
2020.12.28 00:00,3713.0,3745.5,3707.8,3745.5
2020.12.27 00:00,3691.0,3717.8,3689.2,3712.8
2020.12.24 00:00,3694.2,3706.2,3689.2,3703.2
2020.12.23 00:00,3693.9,3712.1,3662.0,3694.5
2020.12.22 00:00,3694.3,3705.8,3674.4,3693.9
2020.12.21 00:00,3717.8,3722.3,3607.3,3694.1
2020.12.20 00:00,3730.8,3734.6,3712.1,3717.9
2020.12.18 00:00,3724.2,3733.9,3688.2,3727.6
2020.12.17 00:00,3706.3,3728.0,3702.7,3724.2
2020.12.16 00:00,3696.7,3714.8,3690.7,3706.3
2020.12.15 00:00,3657.6,3700.2,3646.8,3696.9
2020.12.14 00:00,3682.0,3702.0,3648.3,3657.6
2020.12.13 00:00,3683.0,3688.5,3678.8,3682.0
2020.12.11 00:00,3673.7,3676.7,3631.0,3662.5
2020.12.10 00:00,3676.3,3683.0,3646.0,3673.8
2020.12.09 00:00,3708.4,3715.6,3661.2,3676.3
2020.12.08 00:00,3684.1,3715.9,3666.3,3708.1
2020.12.07 00:00,3700.6,3701.6,3674.1,3684.3
2020.12.06 00:00,3696.4,3706.7,3696.4,3700.6
2020.12.04 00:00,3671.5,3701.6,3669.3,3692.1
2020.12.03 00:00,3668.6,3684.4,3657.3,3671.5
2020.12.02 00:00,3661.1,3675.0,3645.0,3668.8
2020.12.01 00:00,3642.0,3680.0,3640.6,3661.1
2020.11.30 00:00,3644.8,3645.6,3595.7,3641.9
2020.11.29 00:00,3646.2,3654.7,3643.5,3645.3
2020.11.27 00:00,3624.5,3646.5,3616.7,3641.1
2020.11.26 00:00,3636.0,3642.9,3618.0,3624.0
2020.11.25 00:00,3646.0,3658.5,3619.6,3636.4
2020.11.24 00:00,3596.0,3647.5,3593.2,3646.3
2020.11.23 00:00,3561.6,3601.8,3553.2,3596.1
2020.11.22 00:00,3552.2,3562.1,3549.8,3561.8
2020.11.20 00:00,3552.8,3587.0,3547.4,3556.1
2020.11.19 00:00,3567.9,3587.0,3547.0,3553.1
2020.11.18 00:00,3614.2,3628.0,3561.5,3567.6
2020.11.17 00:00,3629.9,3629.9,3589.8,3614.6
2020.11.16 00:00,3613.8,3642.6,3602.8,3629.9
2020.11.15 00:00,3592.8,3616.6,3592.6,3614.1
2020.11.13 00:00,3540.4,3595.9,3524.3,3587.4
2020.11.12 00:00,3574.7,3578.0,3519.4,3540.6
2020.11.11 00:00,3544.2,3583.7,3537.8,3575.0
2020.11.10 00:00,3555.7,3566.0,3513.4,3544.4
2020.11.09 00:00,3544.7,3675.4,3541.4,3555.4
2020.11.08 00:00,3530.7,3553.7,3523.4,3544.9
2020.11.06 00:00,3507.3,3526.7,3464.5,3518.3
2020.11.05 00:00,3442.5,3530.7,3438.0,3507.2
2020.11.04 00:00,3391.9,3488.8,3327.6,3442.5
2020.11.03 00:00,3317.4,3403.3,3312.3,3391.8
2020.11.02 00:00,3260.8,3331.8,3254.2,3317.4
2020.11.01 00:00,3273.0,3280.0,3252.0,3260.7
2020.10.30 00:00,3284.4,3304.8,3233.4,3286.6
2020.10.29 00:00,3289.7,3341.1,3257.6,3284.4
2020.10.28 00:00,3374.3,3378.0,3268.6,3289.7
2020.10.27 00:00,3400.6,3417.9,3366.0,3374.3
2020.10.26 00:00,3447.5,3450.0,3364.2,3400.3
2020.10.25 00:00,3452.8,3453.5,3433.3,3447.3
2020.10.23 00:00,3459.3,3470.3,3439.7,3461.0
2020.10.22 00:00,3421.6,3464.3,3411.4,3459.3
2020.10.21 00:00,3452.9,3465.8,3410.9,3422.0
2020.10.20 00:00,3447.6,3477.9,3427.0,3452.8
2020.10.19 00:00,3485.9,3504.9,3419.2,3448.0
2020.10.18 00:00,3478.8,3488.3,3478.7,3486.0
2020.10.16 00:00,3492.1,3516.8,3469.9,3473.1
2020.10.15 00:00,3492.2,3495.3,3440.1,3492.1
2020.10.14 00:00,3517.3,3532.4,3480.6,3492.6
2020.10.13 00:00,3540.7,3541.5,3500.2,3517.1
2020.10.12 00:00,3479.0,3549.9,3473.1,3540.5
2020.10.11 00:00,3475.6,3482.7,3473.9,3478.9
2020.10.09 00:00,3462.5,3488.6,3454.2,3484.9
2020.10.08 00:00,3422.6,3464.7,3416.6,3462.4
2020.10.07 00:00,3356.0,3426.7,3352.2,3422.6
2020.10.06 00:00,3399.4,3431.4,3340.5,3355.7
2020.10.05 00:00,3371.8,3409.8,3356.6,3399.4
2020.10.04 00:00,3366.8,3373.6,3359.3,3371.8
2020.10.02 00:00,3376.5,3381.7,3309.8,3354.5
2020.10.01 00:00,3370.9,3396.9,3359.4,3376.5
2020.09.30 00:00,3345.7,3393.5,3301.0,3370.7
2020.09.29 00:00,3364.8,3372.5,3326.7,3345.8
2020.09.28 00:00,3305.5,3365.8,3302.2,3365.0
2020.09.27 00:00,3304.4,3308.5,3303.0,3305.5
2020.09.25 00:00,3263.5,3306.5,3216.6,3295.8
2020.09.24 00:00,3226.8,3278.5,3208.4,3263.6
2020.09.23 00:00,3312.7,3329.9,3220.3,3226.8
2020.09.22 00:00,3292.8,3319.8,3267.1,3312.7
2020.09.21 00:00,3324.6,3336.9,3228.4,3292.8
2020.09.20 00:00,3322.9,3330.9,3306.9,3325.1
2020.09.18 00:00,3359.5,3374.0,3291.8,3327.7
2020.09.17 00:00,3391.6,3392.8,3321.1,3359.5
2020.09.16 00:00,3402.3,3430.4,3384.8,3391.6
2020.09.15 00:00,3386.4,3419.9,3377.2,3402.2
2020.09.14 00:00,3362.2,3403.4,3357.2,3386.5
2020.09.13 00:00,3351.4,3362.4,3347.7,3362.2
2020.09.11 00:00,3348.3,3376.4,3310.6,3338.9
2020.09.10 00:00,3410.5,3425.7,3329.1,3348.2
2020.09.09 00:00,3323.8,3425.6,3322.8,3410.7
2020.09.08 00:00,3441.2,3448.8,3297.3,3324.0
2020.09.07 00:00,3406.5,3445.3,3394.2,3441.3
2020.09.06 00:00,3421.3,3424.2,3383.2,3406.5
2020.09.04 00:00,3434.7,3486.7,3350.0,3417.0
2020.09.03 00:00,3586.9,3587.4,3427.9,3434.7
2020.09.02 00:00,3539.0,3590.3,3535.7,3586.9
2020.09.01 00:00,3500.5,3539.2,3496.0,3539.2
2020.08.31 00:00,3523.1,3528.8,3488.5,3500.5
2020.08.30 00:00,3513.1,3523.0,3513.0,3523.0
2020.08.28 00:00,3496.1,3513.8,3485.4,3511.2
2020.08.27 00:00,3482.1,3502.9,3469.4,3496.4
2020.08.26 00:00,3449.8,3488.3,3441.8,3482.2
2020.08.25 00:00,3437.9,3453.6,3426.8,3449.8
2020.08.24 00:00,3401.9,3438.6,3398.7,3438.1
2020.08.23 00:00,3402.2,3404.9,3399.9,3402.2
2020.08.21 00:00,3394.6,3401.1,3361.6,3396.8
2020.08.20 00:00,3367.5,3394.6,3350.0,3394.4
2020.08.19 00:00,3393.8,3400.8,3366.3,3367.6
2020.08.18 00:00,3391.6,3396.4,3371.1,3394.1
2020.08.17 00:00,3376.5,3392.9,3371.2,3391.7
2020.08.16 00:00,3373.5,3377.2,3372.0,3376.6
2020.08.14 00:00,3382.5,3386.7,3356.5,3370.0
2020.08.13 00:00,3377.4,3388.4,3364.2,3382.2
2020.08.12 00:00,3341.5,3389.8,3333.7,3377.4
2020.08.11 00:00,3360.7,3386.7,3327.5,3341.5
2020.08.10 00:00,3349.7,3365.2,3336.7,3360.8
2020.08.09 00:00,3354.0,3354.2,3343.0,3349.7
2020.08.07 00:00,3348.7,3355.5,3330.2,3355.2
2020.08.06 00:00,3327.5,3353.9,3309.2,3348.6
2020.08.05 00:00,3307.5,3332.2,3301.2,3327.5
2020.08.04 00:00,3296.6,3309.3,3279.9,3307.7
2020.08.03 00:00,3273.4,3304.1,3263.4,3296.4
2020.08.02 00:00,3279.1,3279.9,3264.4,3272.9
2020.07.31 00:00,3276.4,3279.2,3221.4,3277.1
2020.07.30 00:00,3260.3,3282.2,3204.3,3276.7
2020.07.29 00:00,3226.9,3266.3,3213.7,3260.3
2020.07.28 00:00,3245.5,3256.0,3217.4,3226.6
2020.07.27 00:00,3208.8,3247.3,3207.6,3245.5
2020.07.26 00:00,3217.3,3222.9,3201.6,3208.8
2020.07.24 00:00,3243.1,3248.3,3201.3,3212.8
2020.07.23 00:00,3270.3,3293.8,3223.9,3243.2
2020.07.22 00:00,3266.3,3281.3,3237.0,3270.4
2020.07.21 00:00,3252.9,3282.9,3249.1,3266.4
2020.07.20 00:00,3231.1,3260.4,3199.9,3253.1
2020.07.19 00:00,3226.0,3231.9,3222.1,3230.9
2020.07.17 00:00,3212.9,3234.8,3204.7,3223.4
2020.07.16 00:00,3227.4,3227.9,3198.9,3213.2
2020.07.15 00:00,3219.5,3242.9,3202.1,3227.6
2020.07.14 00:00,3165.4,3224.5,3129.0,3219.5
2020.07.13 00:00,3197.0,3236.5,3151.2,3165.4
2020.07.12 00:00,3200.6,3209.0,3197.0,3197.0
2020.07.10 00:00,3161.6,3191.5,3122.1,3189.6
2020.07.09 00:00,3176.5,3180.2,3115.7,3161.3
2020.07.08 00:00,3150.2,3178.6,3135.4,3176.4
2020.07.07 00:00,3186.6,3193.9,3143.0,3150.5
2020.07.06 00:00,3145.3,3189.2,3144.4,3186.9
2020.07.05 00:00,3132.4,3146.8,3131.6,3145.2
2020.07.03 00:00,3137.4,3148.8,3115.8,3126.1
2020.07.02 00:00,3112.0,3166.2,3105.5,3137.5
2020.07.01 00:00,3092.2,3128.4,3073.6,3112.1
2020.06.30 00:00,3064.9,3111.5,3041.1,3092.2
2020.06.29 00:00,3010.6,3069.9,2999.8,3064.9
2020.06.28 00:00,3001.9,3014.7,2994.0,3010.5
2020.06.26 00:00,3083.4,3092.3,3001.8,3013.6
2020.06.25 00:00,3048.9,3090.4,3017.4,3083.6
2020.06.24 00:00,3122.6,3139.6,3031.4,3049.0
2020.06.23 00:00,3133.0,3156.4,3071.9,3122.7
2020.06.22 00:00,3065.1,3136.4,3060.2,3133.2
2020.06.21 00:00,3053.3,3067.0,3038.6,3065.0
2020.06.19 00:00,3126.4,3155.8,3067.3,3068.1
2020.06.18 00:00,3103.0,3131.3,3076.5,3126.4
2020.06.17 00:00,3136.5,3158.6,3101.5,3102.8
2020.06.16 00:00,3097.9,3167.9,3075.3,3136.7
2020.06.15 00:00,2996.8,3098.6,2936.0,3097.9
2020.06.14 00:00,3004.7,3009.5,2981.2,2996.8
2020.06.12 00:00,3030.1,3089.0,2983.0,3036.0
2020.06.11 00:00,3167.5,3183.5,2998.9,3030.0
2020.06.10 00:00,3219.7,3231.0,3164.8,3167.5
2020.06.09 00:00,3226.9,3234.9,3193.0,3219.5
2020.06.08 00:00,3212.4,3234.7,3186.9,3227.2
2020.06.07 00:00,3192.5,3215.4,3192.0,3212.6
2020.06.05 00:00,3113.1,3214.7,3110.6,3188.9
2020.06.04 00:00,3127.2,3131.0,3092.0,3112.9
2020.06.03 00:00,3090.7,3133.9,3085.2,3127.2
2020.06.02 00:00,3043.0,3092.2,3039.8,3090.8
2020.06.01 00:00,3030.4,3063.8,3025.0,3043.2
2020.05.31 00:00,3034.5,3039.4,3013.1,3030.3
2020.05.29 00:00,3030.2,3062.8,2997.7,3061.4
2020.05.28 00:00,3047.5,3070.6,3024.9,3030.2
2020.05.27 00:00,2995.8,3048.1,2971.2,3047.6
2020.05.26 00:00,2987.9,3025.3,2986.4,2995.6
2020.05.25 00:00,2972.7,2995.4,2960.0,2987.9
2020.05.24 00:00,2957.7,2974.5,2955.6,2972.5
2020.05.22 00:00,2955.2,2962.3,2909.4,2960.9
2020.05.21 00:00,2970.2,2978.7,2939.0,2955.0
2020.05.20 00:00,2929.2,2981.7,2928.5,2970.0
2020.05.19 00:00,2957.7,2982.2,2914.5,2929.0
2020.05.18 00:00,2875.0,2970.5,2871.7,2957.4
2020.05.17 00:00,2863.1,2879.7,2856.7,2874.7
2020.05.15 00:00,2860.4,2869.7,2815.9,2860.2
2020.05.14 00:00,2823.7,2861.2,2767.0,2860.2
2020.05.13 00:00,2837.1,2883.8,2793.6,2823.5
2020.05.12 00:00,2923.9,2946.7,2834.6,2836.8
2020.05.11 00:00,2945.9,2954.8,2897.9,2923.7
2020.05.10 00:00,2926.8,2947.0,2924.2,2946.0
2020.05.08 00:00,2900.7,2940.0,2900.7,2937.7
2020.05.07 00:00,2841.3,2903.3,2841.3,2900.7
2020.05.06 00:00,2876.3,2895.6,2831.7,2841.3
2020.05.05 00:00,2840.9,2898.9,2840.9,2876.1
2020.05.04 00:00,2787.0,2845.2,2780.5,2840.7
2020.05.03 00:00,2798.6,2806.0,2782.5,2786.8
2020.05.01 00:00,2882.8,2888.3,2821.0,2825.3
2020.04.30 00:00,2954.4,2973.7,2861.8,2882.6
2020.04.29 00:00,2879.6,2968.5,2879.2,2954.5
2020.04.28 00:00,2876.0,2921.7,2859.8,2880.0
2020.04.27 00:00,2828.3,2889.7,2823.3,2875.9
2020.04.26 00:00,2843.5,2850.4,2822.0,2828.1
2020.04.24 00:00,2778.8,2843.7,2764.1,2837.1
2020.04.23 00:00,2787.9,2845.4,2773.1,2778.8
2020.04.22 00:00,2750.0,2816.4,2726.1,2787.7
2020.04.21 00:00,2825.3,2841.2,2725.6,2750.0
2020.04.20 00:00,2856.5,2883.2,2813.0,2825.3
2020.04.19 00:00,2867.2,2869.2,2850.5,2856.3
2020.04.17 00:00,2877.9,2891.7,2829.2,2876.7
2020.04.16 00:00,2761.3,2892.7,2753.8,2877.9
2020.04.15 00:00,2839.1,2841.6,2758.3,2760.9
2020.04.14 00:00,2775.1,2852.1,2760.0,2839.1
2020.04.13 00:00,2751.2,2786.9,2718.7,2775.1
2020.04.12 00:00,2812.9,2815.2,2725.5,2751.2
2020.04.09 00:00,2754.2,2816.6,2708.9,2794.4
2020.04.08 00:00,2657.4,2759.2,2628.1,2754.2
2020.04.07 00:00,2671.1,2755.5,2631.2,2657.5
2020.04.06 00:00,2526.1,2676.1,2525.1,2671.1
2020.04.05 00:00,2518.9,2530.7,2512.0,2526.0
2020.04.03 00:00,2511.4,2536.7,2456.7,2487.9
2020.04.02 00:00,2478.4,2532.6,2432.4,2511.5
2020.04.01 00:00,2546.9,2555.0,2442.5,2478.0
2020.03.31 00:00,2624.1,2643.9,2544.6,2547.0
2020.03.30 00:00,2494.5,2630.9,2490.2,2624.1
2020.03.29 00:00,2474.8,2505.8,2470.4,2494.5
2020.03.27 00:00,2638.0,2641.3,2515.0,2528.5
2020.03.26 00:00,2476.1,2641.5,2411.3,2638.2
2020.03.25 00:00,2431.0,2569.6,2396.0,2477.4
2020.03.24 00:00,2261.9,2479.3,2251.0,2431.2
2020.03.23 00:00,2200.9,2394.9,2181.4,2262.3
2020.03.22 00:00,2219.7,2232.0,2187.4,2200.7
2020.03.20 00:00,2365.6,2508.7,2270.1,2275.9
2020.03.19 00:00,2454.7,2467.4,2286.4,2365.8
2020.03.18 00:00,2422.7,2471.2,2273.9,2454.6
2020.03.17 00:00,2443.9,2554.4,2364.1,2423.0
2020.03.16 00:00,2512.8,2560.2,2382.7,2444.2
2020.03.15 00:00,2590.6,2619.4,2567.0,2567.0
2020.03.13 00:00,2440.2,2705.2,2393.7,2664.4
2020.03.12 00:00,2732.7,2742.3,2418.7,2440.3
2020.03.11 00:00,2828.1,2840.1,2703.8,2732.5
2020.03.10 00:00,2797.0,2885.5,2730.0,2827.9
2020.03.09 00:00,2823.4,2839.9,2696.5,2796.8
2020.03.08 00:00,2895.3,2895.8,2820.1,2823.4
2020.03.06 00:00,3027.2,3037.8,2899.1,2964.0
2020.03.05 00:00,3108.0,3109.2,2998.0,3027.3
2020.03.04 00:00,2991.8,3129.9,2990.3,3107.7
2020.03.03 00:00,3085.4,3137.3,2974.2,2991.9
2020.03.02 00:00,2919.6,3093.7,2904.4,3085.4
2020.03.01 00:00,2908.1,2988.5,2893.5,2919.5
2020.02.28 00:00,2967.5,2996.1,2853.7,2989.2
2020.02.27 00:00,3104.3,3108.5,2936.0,2967.5
2020.02.26 00:00,3153.1,3183.4,3092.6,3104.4
2020.02.25 00:00,3240.9,3260.5,3118.6,3152.8
2020.02.24 00:00,3299.3,3304.6,3214.7,3240.9
2020.02.23 00:00,3307.5,3312.1,3290.5,3299.3
2020.02.21 00:00,3356.7,3366.5,3329.0,3339.1
2020.02.20 00:00,3392.5,3398.2,3341.4,3356.7
2020.02.19 00:00,3378.9,3394.4,3373.1,3392.5
2020.02.18 00:00,3377.1,3378.7,3356.4,3378.7
2020.02.17 00:00,3388.9,3393.5,3373.3,3377.1
2020.02.16 00:00,3382.7,3390.5,3382.7,3389.0
2020.02.14 00:00,3375.0,3388.9,3366.0,3381.3
2020.02.13 00:00,3368.9,3385.7,3349.6,3374.8
2020.02.12 00:00,3362.5,3383.4,3357.5,3368.7
2020.02.11 00:00,3353.4,3376.2,3351.2,3362.8
2020.02.10 00:00,3313.4,3355.2,3313.2,3353.2
2020.02.09 00:00,3323.1,3331.0,3305.5,3313.2
2020.02.07 00:00,3351.0,3351.5,3322.5,3324.7
2020.02.06 00:00,3336.6,3359.9,3334.9,3350.8
2020.02.05 00:00,3296.7,3341.6,3291.4,3336.8
2020.02.04 00:00,3244.7,3308.1,3243.9,3297.2
2020.02.03 00:00,3234.8,3270.0,3232.8,3244.7
2020.02.02 00:00,3224.5,3239.1,3224.2,3235.1
2020.01.31 00:00,3292.4,3300.5,3216.3,3230.3
2020.01.30 00:00,3277.0,3298.5,3243.2,3292.2
2020.01.29 00:00,3278.9,3296.1,3269.1,3276.8
2020.01.28 00:00,3250.8,3288.4,3245.7,3279.0
2020.01.27 00:00,3261.9,3272.1,3236.5,3250.7
2020.01.26 00:00,3269.1,3271.0,3255.7,3262.1
2020.01.24 00:00,3333.4,3339.8,3283.5,3293.5
2020.01.23 00:00,3317.3,3334.7,3304.2,3333.2
2020.01.22 00:00,3323.4,3340.1,3316.6,3317.0
2020.01.21 00:00,3325.7,3332.5,3310.0,3323.1
2020.01.20 00:00,3330.6,3330.8,3321.1,3325.5
2020.01.19 00:00,3326.9,3330.3,3325.2,3330.3
2020.01.17 00:00,3321.4,3332.1,3318.8,3325.6
2020.01.16 00:00,3299.0,3325.3,3296.5,3321.7
2020.01.15 00:00,3281.0,3301.3,3279.7,3298.8
2020.01.14 00:00,3295.0,3298.0,3276.8,3280.8
2020.01.13 00:00,3268.3,3295.5,3267.9,3295.2
2020.01.12 00:00,3266.2,3272.5,3266.2,3268.5
2020.01.10 00:00,3279.0,3287.6,3261.5,3264.3
2020.01.09 00:00,3262.3,3279.3,3258.1,3278.8
2020.01.08 00:00,3204.1,3268.6,3182.1,3262.4
2020.01.07 00:00,3243.0,3255.1,3196.7,3204.3
2020.01.06 00:00,3224.4,3250.1,3209.7,3243.3
2020.01.05 00:00,3222.5,3224.6,3217.4,3224.4
2020.01.03 00:00,3261.1,3262.9,3207.1,3235.9
2020.01.02 00:00,3238.2,3263.6,3236.0,3261.3
2020.01.01 00:00,3236.0,3241.0,3235.0,3238.0
2019.12.31 00:00,3225.2,3236.5,3213.5,3236.2
2019.12.30 00:00,3241.1,3244.6,3217.7,3225.0
2019.12.29 00:00,3238.0,3241.6,3236.0,3241.2
2019.12.27 00:00,3243.2,3254.0,3235.8,3236.9
2019.12.26 00:00,3241.5,3243.8,3241.0,3243.4
2019.12.24 00:00,3228.7,3231.3,3222.8,3226.5
2019.12.23 00:00,3228.1,3234.3,3224.5,3228.8
2019.12.22 00:00,3225.4,3228.8,3223.8,3228.1
2019.12.20 00:00,3212.3,3228.8,3208.2,3224.1
2019.12.19 00:00,3198.2,3213.3,3194.1,3212.6
2019.12.18 00:00,3193.4,3202.3,3190.8,3198.3
2019.12.17 00:00,3193.4,3201.9,3190.7,3193.1
2019.12.16 00:00,3177.0,3201.1,3176.7,3193.2
2019.12.15 00:00,3176.5,3178.2,3175.5,3176.7
2019.12.13 00:00,3181.3,3185.6,3157.3,3172.7
2019.12.12 00:00,3147.0,3182.7,3138.0,3181.2
2019.12.11 00:00,3135.0,3147.0,3130.5,3146.8
2019.12.10 00:00,3135.4,3143.6,3117.1,3135.0
2019.12.09 00:00,3146.5,3150.1,3132.0,3135.6
2019.12.08 00:00,3146.0,3148.5,3146.0,3146.8
2019.12.06 00:00,3119.1,3151.2,3118.9,3147.0
2019.12.05 00:00,3109.8,3124.9,3103.6,3118.9
2019.12.04 00:00,3095.5,3120.2,3082.7,3109.6
2019.12.03 00:00,3113.3,3122.8,3070.7,3095.3
2019.12.02 00:00,3148.6,3158.7,3109.6,3113.2
2019.12.01 00:00,3145.9,3148.8,3145.2,3148.5
2019.11.29 00:00,3151.4,3151.8,3140.1,3144.2
2019.11.28 00:00,3145.3,3152.2,3142.1,3151.6
2019.11.27 00:00,3143.5,3155.8,3142.5,3145.6
2019.11.26 00:00,3133.0,3145.7,3129.0,3143.8
2019.11.25 00:00,3119.7,3134.2,3117.7,3133.2
2019.11.24 00:00,3119.3,3121.2,3117.5,3120.0
2019.11.22 00:00,3102.4,3115.2,3098.7,3112.7
2019.11.21 00:00,3102.5,3114.9,3091.9,3102.2
2019.11.20 00:00,3112.6,3119.1,3091.5,3102.3
2019.11.19 00:00,3120.7,3133.3,3111.4,3112.4
2019.11.18 00:00,3115.9,3129.1,3112.5,3120.5
2019.11.17 00:00,3118.7,3119.1,3115.1,3115.6
2019.11.15 00:00,3099.9,3120.1,3097.9,3119.9
2019.11.14 00:00,3094.6,3099.9,3082.9,3099.6
2019.11.13 00:00,3089.8,3098.6,3077.6,3094.7
2019.11.12 00:00,3084.1,3102.4,3080.2,3089.8
2019.11.11 00:00,3087.6,3088.2,3073.7,3084.0
2019.11.10 00:00,3089.1,3091.0,3087.7,3087.7
2019.11.08 00:00,3085.4,3090.9,3071.4,3090.4
2019.11.07 00:00,3073.3,3095.5,3069.5,3085.2
2019.11.06 00:00,3072.6,3078.3,3063.9,3073.3
2019.11.05 00:00,3083.2,3085.4,3070.8,3072.7
2019.11.04 00:00,3068.3,3085.7,3067.1,3083.4
2019.11.03 00:00,3066.2,3069.3,3065.1,3068.1
2019.11.01 00:00,3034.7,3065.1,3034.4,3063.1
2019.10.31 00:00,3048.3,3051.5,3020.5,3034.4
2019.10.30 00:00,3036.2,3054.8,3023.3,3048.6
2019.10.29 00:00,3038.4,3046.0,3029.9,3035.9
2019.10.28 00:00,3024.3,3042.9,3023.0,3038.9
2019.10.27 00:00,3025.1,3026.0,3022.8,3024.5
2019.10.25 00:00,3002.0,3026.6,3000.4,3019.2
2019.10.24 00:00,3006.4,3015.1,2999.2,3002.1
2019.10.23 00:00,2990.6,3009.8,2982.1,3006.6
2019.10.22 00:00,3005.0,3013.7,2988.2,2990.6
2019.10.21 00:00,2991.2,3007.1,2989.5,3005.2
2019.10.20 00:00,2984.9,2991.5,2983.5,2991.5
2019.10.18 00:00,2996.6,3000.8,2975.0,2988.7
2019.10.17 00:00,2987.8,3007.7,2985.3,2996.4
2019.10.16 00:00,2994.9,2997.5,2985.0,2987.8
2019.10.15 00:00,2973.0,3003.4,2968.0,2995.0
2019.10.14 00:00,2982.0,2982.3,2954.0,2973.2
2019.10.13 00:00,2968.3,2981.8,2968.2,2981.8
2019.10.11 00:00,2946.4,2993.0,2941.1,2969.5
2019.10.10 00:00,2899.2,2956.4,2886.2,2946.1
2019.10.09 00:00,2891.1,2928.8,2881.3,2899.1
2019.10.08 00:00,2936.8,2949.7,2887.6,2891.2
2019.10.07 00:00,2939.4,2958.6,2933.7,2936.7
2019.10.06 00:00,2930.1,2942.2,2929.7,2939.2
2019.10.04 00:00,2906.2,2952.2,2897.2,2949.7
2019.10.03 00:00,2884.6,2911.4,2854.1,2906.0
2019.10.02 00:00,2944.9,2948.1,2873.3,2884.9
2019.10.01 00:00,2982.1,2993.2,2936.0,2945.1
2019.09.30 00:00,2969.5,2985.8,2963.6,2982.1
2019.09.29 00:00,2976.1,2978.6,2964.4,2969.7
2019.09.27 00:00,2976.5,2991.2,2944.7,2966.6
2019.09.26 00:00,2983.8,2993.7,2963.1,2976.7
2019.09.25 00:00,2974.3,2990.2,2952.4,2983.8
2019.09.24 00:00,3006.1,3008.3,2957.1,2974.3
2019.09.23 00:00,3001.4,3010.6,2980.7,3006.1
2019.09.22 00:00,2998.4,3006.1,2997.1,3001.4
2019.09.20 00:00,3008.1,3015.6,2983.1,2987.1
2019.09.19 00:00,3004.4,3022.2,2988.9,3008.2
2019.09.18 00:00,3004.5,3010.0,2978.5,3004.1
2019.09.17 00:00,3001.2,3006.4,2991.5,3004.5
2019.09.16 00:00,2989.2,3004.4,2981.1,3001.2
2019.09.15 00:00,2990.5,2997.3,2987.0,2989.1
2019.09.13 00:00,3013.5,3022.6,3002.4,3005.8
2019.09.12 00:00,3017.5,3021.0,3000.5,3013.4
2019.09.11 00:00,2976.8,3019.3,2971.9,3017.6
2019.09.10 00:00,2982.4,2984.6,2957.1,2977.0
2019.09.09 00:00,2981.3,2991.0,2969.0,2982.1
2019.09.08 00:00,2980.8,2984.8,2980.6,2981.1
2019.09.06 00:00,2976.2,2987.2,2971.4,2981.9
2019.09.05 00:00,2937.2,2985.7,2936.7,2976.3
2019.09.04 00:00,2902.5,2939.0,2902.2,2937.4
2019.09.03 00:00,2902.8,2914.8,2890.8,2902.5
2019.09.02 00:00,2908.9,2926.2,2888.8,2902.5
2019.09.01 00:00,2922.2,2922.2,2895.7,2908.8
2019.08.30 00:00,2922.8,2945.8,2912.4,2922.4
2019.08.29 00:00,2883.8,2930.1,2874.8,2922.7
2019.08.28 00:00,2873.6,2890.1,2851.7,2884.1
2019.08.27 00:00,2875.8,2899.0,2860.0,2873.9
2019.08.26 00:00,2823.9,2887.7,2821.2,2875.8
2019.08.25 00:00,2827.6,2827.6,2810.0,2823.8
2019.08.23 00:00,2921.7,2936.0,2833.5,2850.5
2019.08.22 00:00,2934.4,2938.9,2903.6,2921.6
2019.08.21 00:00,2898.3,2937.9,2898.0,2934.1
2019.08.20 00:00,2917.4,2931.2,2891.9,2898.0
2019.08.19 00:00,2904.7,2931.3,2899.9,2917.6
2019.08.18 00:00,2893.9,2906.0,2893.6,2905.0
2019.08.16 00:00,2852.4,2893.5,2848.4,2890.4
2019.08.15 00:00,2845.7,2870.6,2816.9,2852.9
2019.08.14 00:00,2931.9,2935.7,2832.8,2845.4
2019.08.13 00:00,2887.1,2944.2,2866.8,2931.9
2019.08.12 00:00,2914.0,2930.7,2872.5,2886.8
2019.08.11 00:00,2922.7,2926.1,2912.9,2913.9
2019.08.09 00:00,2934.0,2935.2,2898.9,2922.9
2019.08.08 00:00,2874.1,2940.4,2870.4,2933.6
2019.08.07 00:00,2869.9,2891.9,2823.9,2874.1
2019.08.06 00:00,2782.4,2884.2,2780.2,2869.7
2019.08.05 00:00,2927.1,2933.9,2776.9,2782.4
2019.08.04 00:00,2927.6,2931.9,2925.6,2927.4
2019.08.02 00:00,2945.6,2960.6,2913.4,2934.4
2019.08.01 00:00,2973.0,3013.8,2941.9,2945.4
2019.07.31 00:00,3015.5,3020.3,2957.8,2972.8
2019.07.30 00:00,3024.2,3026.9,3001.0,3015.5
2019.07.29 00:00,3023.0,3026.9,3014.9,3023.9
2019.07.28 00:00,3022.6,3025.5,3022.6,3023.3
2019.07.26 00:00,3008.2,3028.5,3007.0,3021.9
2019.07.25 00:00,3019.6,3026.4,2997.0,3008.0
2019.07.24 00:00,3004.1,3020.8,2994.8,3019.9
2019.07.23 00:00,2988.3,3007.1,2986.3,3004.3
2019.07.22 00:00,2977.9,2992.0,2973.0,2988.1
2019.07.21 00:00,2972.1,2978.9,2971.2,2977.7
2019.07.19 00:00,2998.5,3007.5,2967.5,2968.7
2019.07.18 00:00,2979.6,3007.2,2972.4,2998.3
2019.07.17 00:00,3004.4,3010.7,2977.8,2979.9
2019.07.16 00:00,3017.0,3019.3,3001.9,3004.4
2019.07.15 00:00,3010.6,3021.1,3008.4,3017.3
2019.07.14 00:00,3012.0,3014.4,3010.4,3010.9
2019.07.12 00:00,3002.5,3014.8,3001.7,3011.1
2019.07.11 00:00,2993.3,3003.2,2989.1,3002.2
2019.07.10 00:00,2977.9,3003.7,2967.7,2993.5
2019.07.09 00:00,2970.6,2982.2,2959.6,2977.9
2019.07.08 00:00,2984.3,2985.2,2969.7,2970.7
2019.07.07 00:00,2989.4,2990.9,2984.0,2984.2
2019.07.05 00:00,2999.3,3000.5,2967.8,2988.1
2019.07.04 00:00,2996.2,3000.4,2994.2,2999.1
2019.07.03 00:00,2973.9,2999.7,2970.1,2995.9
2019.07.02 00:00,2961.0,2976.6,2955.6,2974.2
2019.07.01 00:00,2968.4,2978.7,2952.7,2960.7
2019.06.30 00:00,2969.1,2974.5,2967.0,2968.5
2019.06.28 00:00,2932.6,2951.7,2926.8,2949.6
2019.06.27 00:00,2915.4,2933.7,2914.2,2932.4
2019.06.26 00:00,2917.4,2935.6,2911.2,2915.2
2019.06.25 00:00,2948.9,2954.7,2914.5,2917.6
2019.06.24 00:00,2952.0,2957.9,2945.2,2948.8
2019.06.23 00:00,2945.0,2952.7,2944.5,2951.7
2019.06.21 00:00,2953.3,2964.9,2943.6,2944.0
2019.06.20 00:00,2936.5,2959.9,2931.7,2953.4
2019.06.19 00:00,2924.4,2938.3,2911.3,2936.8
2019.06.18 00:00,2892.1,2932.2,2885.0,2924.5
2019.06.17 00:00,2895.1,2900.1,2887.7,2892.1
2019.06.16 00:00,2890.1,2897.1,2889.8,2895.1
2019.06.14 00:00,2889.4,2896.8,2879.3,2889.8
2019.06.13 00:00,2884.2,2895.5,2866.8,2889.4
2019.06.12 00:00,2884.8,2890.3,2875.2,2884.4
2019.06.11 00:00,2886.1,2911.0,2879.0,2885.0
2019.06.10 00:00,2886.5,2905.1,2880.0,2886.2
2019.06.09 00:00,2893.4,2895.2,2886.5,2886.7
2019.06.07 00:00,2843.4,2885.2,2840.8,2876.3
2019.06.06 00:00,2821.2,2852.3,2820.7,2843.4
2019.06.05 00:00,2811.6,2828.8,2800.6,2821.1
2019.06.04 00:00,2750.9,2812.6,2743.9,2811.7
2019.06.03 00:00,2735.7,2763.4,2728.8,2751.0
2019.06.02 00:00,2742.7,2743.5,2731.9,2735.8
2019.05.31 00:00,2765.3,2774.8,2749.0,2751.6
2019.05.30 00:00,2781.2,2798.5,2763.8,2765.1
2019.05.29 00:00,2804.3,2804.9,2765.8,2781.4
2019.05.28 00:00,2832.0,2840.5,2800.1,2804.1
2019.05.27 00:00,2828.9,2838.2,2824.7,2831.9
2019.05.26 00:00,2830.2,2833.4,2828.2,2829.2
2019.05.24 00:00,2821.4,2840.5,2819.7,2828.9
2019.05.23 00:00,2852.6,2853.7,2805.2,2821.3
2019.05.22 00:00,2866.2,2868.8,2847.2,2852.5
2019.05.21 00:00,2848.4,2869.2,2845.3,2866.4
2019.05.20 00:00,2869.9,2875.4,2831.3,2848.2
2019.05.19 00:00,2860.9,2871.9,2860.9,2869.7
2019.05.17 00:00,2878.6,2885.6,2850.9,2859.2
2019.05.16 00:00,2848.6,2891.7,2837.2,2878.7
2019.05.15 00:00,2839.3,2858.6,2813.7,2848.8
2019.05.14 00:00,2802.1,2852.2,2802.1,2839.4
2019.05.13 00:00,2855.1,2859.1,2797.8,2802.1
2019.05.12 00:00,2859.1,2867.0,2855.0,2855.2
2019.05.10 00:00,2870.6,2891.1,2824.3,2884.7
2019.05.09 00:00,2879.9,2881.5,2835.1,2870.8
2019.05.08 00:00,2883.9,2898.6,2868.6,2879.9
2019.05.07 00:00,2917.0,2930.0,2862.3,2883.6
2019.05.06 00:00,2894.2,2937.4,2882.3,2916.8
2019.05.05 00:00,2905.3,2908.1,2892.3,2893.8
2019.05.03 00:00,2917.6,2947.8,2914.8,2947.5
2019.05.02 00:00,2919.0,2931.8,2900.2,2917.8
2019.05.01 00:00,2953.6,2960.0,2914.0,2919.3
2019.04.30 00:00,2939.5,2955.1,2925.0,2953.3
2019.04.29 00:00,2938.6,2949.9,2936.4,2939.4
2019.04.28 00:00,2937.9,2940.3,2937.9,2938.6
2019.04.26 00:00,2922.0,2941.0,2914.6,2936.2
2019.04.25 00:00,2928.6,2933.6,2912.4,2922.0
2019.04.24 00:00,2936.5,2937.3,2926.0,2928.8
2019.04.23 00:00,2910.1,2938.0,2904.7,2936.5
2019.04.22 00:00,2907.9,2912.9,2896.8,2910.1
2019.04.21 00:00,2905.2,2911.2,2905.0,2908.2
2019.04.18 00:00,2899.2,2909.3,2887.2,2906.2
2019.04.17 00:00,2906.5,2921.0,2896.2,2899.6
2019.04.16 00:00,2906.5,2918.7,2902.4,2906.6
2019.04.15 00:00,2907.4,2911.9,2898.1,2906.5
2019.04.14 00:00,2909.9,2910.5,2906.3,2907.6
2019.04.12 00:00,2890.5,2911.8,2887.2,2907.6
2019.04.11 00:00,2894.2,2897.1,2882.7,2890.2
2019.04.10 00:00,2877.9,2894.3,2874.6,2894.2
2019.04.09 00:00,2892.9,2895.4,2874.6,2877.9
2019.04.08 00:00,2895.1,2897.3,2882.1,2893.1
2019.04.07 00:00,2893.9,2895.5,2892.0,2895.1
2019.04.05 00:00,2877.9,2894.3,2877.6,2893.0
2019.04.04 00:00,2875.2,2882.8,2868.3,2878.2
2019.04.03 00:00,2864.1,2886.8,2862.7,2875.2
2019.04.02 00:00,2868.9,2871.2,2859.8,2864.2
2019.04.01 00:00,2849.7,2870.8,2849.2,2868.9
2019.03.31 00:00,2842.6,2850.5,2842.0,2849.8
2019.03.29 00:00,2823.7,2837.5,2818.8,2836.2
2019.03.28 00:00,2802.7,2825.3,2791.5,2823.5
2019.03.27 00:00,2819.2,2828.4,2788.7,2802.8
2019.03.26 00:00,2806.4,2831.3,2805.0,2819.2
2019.03.25 00:00,2807.3,2811.5,2786.3,2806.5
2019.03.24 00:00,2810.4,2814.6,2805.3,2807.1
2019.03.22 00:00,2857.8,2860.4,2801.1,2802.8
2019.03.21 00:00,2824.6,2862.1,2810.0,2857.6
2019.03.20 00:00,2830.7,2845.3,2813.5,2824.6
2019.03.19 00:00,2837.1,2854.8,2825.2,2830.7
2019.03.18 00:00,2822.5,2839.2,2819.8,2837.5
2019.03.17 00:00,2823.8,2824.8,2821.0,2822.6
2019.03.15 00:00,2809.5,2831.7,2809.5,2824.9
2019.03.14 00:00,2814.9,2820.6,2804.1,2809.5
2019.03.13 00:00,2791.9,2823.0,2784.3,2814.8
2019.03.12 00:00,2793.3,2799.5,2781.7,2791.8
2019.03.11 00:00,2744.8,2795.1,2738.1,2793.3
2019.03.10 00:00,2744.6,2749.8,2742.9,2744.6
2019.03.08 00:00,2751.2,2751.5,2722.2,2749.0
2019.03.07 00:00,2768.2,2776.3,2738.7,2751.3
2019.03.06 00:00,2786.8,2793.1,2766.9,2768.3
2019.03.05 00:00,2791.6,2799.3,2783.8,2786.9
2019.03.04 00:00,2817.4,2818.5,2767.9,2791.3
2019.03.03 00:00,2813.6,2819.5,2811.9,2817.5
2019.03.01 00:00,2784.7,2808.0,2784.7,2806.3
2019.02.28 00:00,2793.9,2793.9,2781.6,2785.0
2019.02.27 00:00,2789.5,2797.2,2775.6,2794.2
2019.02.26 00:00,2794.6,2804.2,2784.3,2789.2
2019.02.25 00:00,2801.1,2814.3,2792.6,2794.9
2019.02.24 00:00,2799.8,2803.7,2798.1,2801.0
2019.02.22 00:00,2774.5,2795.6,2771.1,2795.4
2019.02.21 00:00,2786.2,2798.0,2764.5,2774.9
2019.02.20 00:00,2779.0,2791.1,2773.9,2786.0
2019.02.19 00:00,2776.6,2788.6,2767.2,2779.0
2019.02.18 00:00,2779.2,2781.1,2774.5,2776.6
2019.02.17 00:00,2779.9,2782.8,2777.1,2779.4
2019.02.15 00:00,2742.5,2778.8,2729.4,2778.1
2019.02.14 00:00,2750.3,2763.2,2730.7,2742.5
2019.02.13 00:00,2747.2,2763.1,2746.5,2750.3
2019.02.12 00:00,2709.8,2749.2,2709.1,2747.1
2019.02.11 00:00,2707.4,2722.8,2701.6,2709.7
2019.02.10 00:00,2711.9,2713.0,2707.3,2707.4
2019.02.08 00:00,2698.2,2709.4,2681.5,2708.7
2019.02.07 00:00,2729.8,2730.3,2687.1,2698.1
2019.02.06 00:00,2732.7,2738.1,2724.2,2729.8
2019.02.05 00:00,2721.3,2739.2,2718.0,2733.3
2019.02.04 00:00,2704.7,2725.9,2698.4,2721.4
2019.02.03 00:00,2700.7,2705.7,2699.2,2704.5
2019.02.01 00:00,2705.3,2716.9,2696.6,2705.7
2019.01.31 00:00,2688.8,2714.0,2677.0,2705.4
2019.01.30 00:00,2646.3,2691.3,2637.9,2688.8
2019.01.29 00:00,2637.0,2651.9,2630.3,2646.3
2019.01.28 00:00,2658.9,2662.0,2624.0,2637.3
2019.01.27 00:00,2662.0,2663.4,2657.8,2658.9
2019.01.25 00:00,2637.9,2672.9,2635.8,2665.3
2019.01.24 00:00,2632.9,2647.9,2626.8,2637.9
2019.01.23 00:00,2630.5,2654.3,2613.3,2632.8
2019.01.22 00:00,2662.5,2665.7,2617.3,2630.5
2019.01.21 00:00,2667.6,2668.6,2656.1,2662.6
2019.01.20 00:00,2670.6,2672.2,2666.1,2667.6
2019.01.18 00:00,2633.4,2676.2,2632.5,2675.8
2019.01.17 00:00,2611.3,2645.0,2596.2,2633.4
2019.01.16 00:00,2610.0,2626.5,2601.6,2611.3
2019.01.15 00:00,2582.7,2613.7,2580.3,2610.1
2019.01.14 00:00,2583.7,2589.9,2567.7,2582.6
2019.01.13 00:00,2589.1,2591.3,2583.4,2583.7
2019.01.11 00:00,2591.3,2597.4,2577.2,2595.5
2019.01.10 00:00,2577.4,2599.0,2560.3,2590.8
2019.01.09 00:00,2576.3,2596.2,2568.6,2577.3
2019.01.08 00:00,2551.3,2581.5,2548.0,2576.3
2019.01.07 00:00,2538.2,2567.5,2524.0,2551.1
2019.01.06 00:00,2536.5,2538.6,2532.2,2538.1
2019.01.04 00:00,2448.0,2538.6,2437.3,2529.1
2019.01.03 00:00,2473.6,2492.1,2442.4,2448.0
2019.01.02 00:00,2516.2,2519.4,2451.6,2473.5
2019.01.01 00:00,2505.8,2519.9,2505.0,2515.9
2018.12.31 00:00,2499.1,2511.0,2481.6,2507.6
2018.12.30 00:00,2497.4,2505.7,2495.3,2499.4
2018.12.28 00:00,2481.1,2520.2,2471.4,2486.4
2018.12.27 00:00,2460.9,2496.9,2396.1,2481.1
2018.12.26 00:00,2465.5,2466.6,2459.6,2460.9
2018.12.24 00:00,2415.4,2433.0,2339.1,2340.3
2018.12.23 00:00,2401.1,2420.7,2399.6,2415.4
2018.12.21 00:00,2479.9,2505.3,2407.3,2418.8
2018.12.20 00:00,2508.4,2515.4,2439.0,2480.1
2018.12.19 00:00,2540.6,2585.5,2487.1,2508.2
2018.12.18 00:00,2560.3,2575.1,2527.9,2540.6
2018.12.17 00:00,2605.4,2614.1,2531.4,2560.1
2018.12.16 00:00,2593.6,2606.0,2592.6,2605.4
2018.12.14 00:00,2645.7,2648.8,2594.1,2596.3
2018.12.13 00:00,2658.6,2671.4,2637.8,2646.0
2018.12.12 00:00,2638.7,2687.2,2634.4,2658.7
2018.12.11 00:00,2638.2,2678.6,2622.1,2639.0
2018.12.10 00:00,2615.6,2649.2,2583.8,2638.0
2018.12.09 00:00,2626.3,2630.5,2611.2,2615.6
2018.12.07 00:00,2695.5,2710.1,2623.5,2636.7
2018.12.06 00:00,2685.0,2699.4,2622.1,2695.8
2018.12.05 00:00,2711.2,2722.0,2672.7,2684.8
2018.12.04 00:00,2787.2,2788.4,2696.9,2710.5
2018.12.03 00:00,2804.6,2814.9,2774.9,2787.2
2018.12.02 00:00,2793.9,2811.0,2793.9,2804.6
2018.11.30 00:00,2740.7,2765.2,2729.7,2764.2
2018.11.29 00:00,2740.1,2755.2,2724.1,2740.9
2018.11.28 00:00,2686.7,2745.8,2682.2,2740.1
2018.11.27 00:00,2662.7,2688.7,2656.4,2686.7
2018.11.26 00:00,2639.1,2677.2,2636.8,2662.5
2018.11.25 00:00,2633.4,2639.9,2631.9,2638.8
2018.11.23 00:00,2641.9,2648.1,2626.9,2629.0
2018.11.22 00:00,2651.9,2656.6,2629.4,2641.9
2018.11.21 00:00,2637.0,2671.5,2636.5,2651.9
2018.11.20 00:00,2691.9,2694.4,2632.2,2637.0
2018.11.19 00:00,2733.6,2748.1,2682.2,2692.1
2018.11.18 00:00,2732.3,2735.0,2728.1,2733.9
2018.11.16 00:00,2726.1,2748.5,2708.7,2741.7
2018.11.15 00:00,2696.5,2736.5,2671.3,2726.1
2018.11.14 00:00,2735.8,2748.4,2686.9,2696.8
2018.11.13 00:00,2729.5,2756.4,2715.4,2736.0
2018.11.12 00:00,2778.5,2795.5,2722.7,2729.5
2018.11.11 00:00,2778.4,2780.0,2774.0,2778.7
2018.11.09 00:00,2805.6,2810.9,2764.4,2778.4
2018.11.08 00:00,2814.2,2818.2,2795.2,2805.9
2018.11.07 00:00,2754.0,2819.0,2746.2,2814.4
2018.11.06 00:00,2741.4,2762.1,2730.8,2754.2
2018.11.05 00:00,2717.1,2745.1,2714.1,2741.6
2018.11.04 00:00,2723.1,2723.9,2716.1,2716.9
2018.11.02 00:00,2733.9,2766.9,2700.4,2722.8
2018.11.01 00:00,2713.6,2741.9,2708.1,2733.6
2018.10.31 00:00,2688.0,2737.7,2682.2,2713.9
2018.10.30 00:00,2642.1,2692.7,2633.8,2687.7
2018.10.29 00:00,2674.3,2707.4,2603.6,2642.3
2018.10.28 00:00,2666.3,2682.6,2666.3,2674.6
2018.10.26 00:00,2676.3,2692.5,2627.7,2662.3
2018.10.25 00:00,2663.6,2723.1,2663.4,2676.1
2018.10.24 00:00,2745.6,2749.3,2651.9,2663.4
2018.10.23 00:00,2751.6,2754.1,2691.7,2745.7
2018.10.22 00:00,2757.6,2781.2,2749.1,2751.4
2018.10.21 00:00,2757.1,2761.5,2752.4,2757.4
2018.10.19 00:00,2771.1,2799.2,2761.2,2766.5
2018.10.18 00:00,2805.9,2811.2,2755.3,2770.9
2018.10.17 00:00,2815.1,2822.9,2782.2,2805.9
2018.10.16 00:00,2754.3,2817.8,2752.1,2815.4
2018.10.15 00:00,2766.0,2777.3,2744.0,2754.1
2018.10.14 00:00,2768.8,2768.8,2755.3,2766.3
2018.10.12 00:00,2755.3,2783.0,2730.5,2770.7
2018.10.11 00:00,2774.6,2796.5,2710.7,2755.8
2018.10.10 00:00,2885.8,2888.1,2768.6,2774.9
2018.10.09 00:00,2887.9,2896.6,2871.4,2885.8
2018.10.08 00:00,2888.5,2895.0,2863.5,2887.9
2018.10.07 00:00,2893.6,2895.5,2885.7,2888.7
2018.10.05 00:00,2906.8,2912.3,2870.1,2891.9
2018.10.04 00:00,2921.6,2921.8,2884.3,2906.8
2018.10.03 00:00,2925.2,2940.9,2919.8,2921.3
2018.10.02 00:00,2925.4,2932.4,2914.0,2925.2
2018.10.01 00:00,2924.7,2938.2,2918.9,2925.4
2018.09.30 00:00,2918.7,2926.0,2918.7,2924.6
2018.09.28 00:00,2917.3,2921.1,2903.8,2917.3
2018.09.27 00:00,2909.4,2927.9,2903.2,2917.4
2018.09.26 00:00,2919.3,2931.8,2903.7,2909.4
2018.09.25 00:00,2921.7,2930.2,2913.9,2919.4
2018.09.24 00:00,2924.2,2926.3,2913.9,2921.4
2018.09.23 00:00,2925.0,2925.4,2920.9,2924.2
2018.09.21 00:00,2936.1,2942.4,2927.6,2927.9
2018.09.20 00:00,2912.6,2936.3,2908.6,2936.1
2018.09.19 00:00,2907.8,2913.8,2901.1,2912.6
2018.09.18 00:00,2879.6,2913.2,2879.2,2907.9
2018.09.17 00:00,2900.7,2906.5,2878.8,2879.7
2018.09.16 00:00,2903.4,2903.6,2899.7,2901.0
2018.09.14 00:00,2905.6,2912.3,2896.8,2906.1
2018.09.13 00:00,2887.6,2907.4,2884.9,2905.1
2018.09.12 00:00,2891.4,2895.9,2880.4,2887.9
2018.09.11 00:00,2881.1,2893.4,2867.8,2891.6
2018.09.10 00:00,2875.6,2888.6,2875.6,2881.3
2018.09.09 00:00,2873.5,2877.1,2873.1,2875.6
2018.09.07 00:00,2877.3,2884.7,2864.8,2872.5
2018.09.06 00:00,2885.8,2892.7,2867.5,2877.0
2018.09.05 00:00,2897.8,2900.7,2878.0,2885.3
2018.09.04 00:00,2906.7,2912.2,2885.9,2898.0
2018.09.03 00:00,2906.7,2913.1,2903.0,2907.0
2018.09.02 00:00,2906.7,2907.5,2905.2,2907.0
2018.08.31 00:00,2897.7,2907.2,2891.7,2906.7
2018.08.30 00:00,2914.4,2915.3,2895.6,2897.5
2018.08.29 00:00,2901.6,2917.6,2897.9,2914.6
2018.08.28 00:00,2901.2,2906.5,2894.7,2901.9
2018.08.27 00:00,2882.9,2901.2,2882.0,2901.2
2018.08.26 00:00,2878.6,2883.2,2877.2,2883.0
2018.08.24 00:00,2857.0,2877.5,2856.5,2876.8
2018.08.23 00:00,2862.3,2869.4,2854.8,2857.5
2018.08.22 00:00,2847.6,2868.1,2846.3,2862.4
2018.08.21 00:00,2855.7,2873.7,2846.8,2847.4
2018.08.20 00:00,2852.7,2860.5,2850.1,2856.0
2018.08.19 00:00,2851.9,2855.0,2851.4,2853.0
2018.08.17 00:00,2842.1,2856.6,2834.6,2852.8
2018.08.16 00:00,2820.4,2851.2,2816.9,2841.8
2018.08.15 00:00,2842.0,2843.0,2803.3,2820.2
2018.08.14 00:00,2827.8,2843.8,2827.1,2841.8
2018.08.13 00:00,2831.9,2844.4,2820.4,2827.6
2018.08.12 00:00,2835.4,2835.4,2828.7,2832.2
2018.08.10 00:00,2852.2,2852.4,2826.2,2839.3
2018.08.09 00:00,2855.5,2863.3,2849.7,2851.9
2018.08.08 00:00,2860.4,2863.6,2853.0,2855.5
2018.08.07 00:00,2851.0,2864.8,2850.3,2860.1
2018.08.06 00:00,2840.9,2854.4,2836.2,2850.8
2018.08.05 00:00,2841.8,2843.9,2840.9,2841.2
2018.08.03 00:00,2830.0,2842.2,2825.7,2842.0
2018.08.02 00:00,2814.9,2832.4,2792.4,2830.0
2018.08.01 00:00,2820.0,2827.0,2807.0,2815.1
2018.07.31 00:00,2807.3,2828.3,2804.0,2819.7
2018.07.30 00:00,2816.4,2822.7,2799.7,2807.0
2018.07.29 00:00,2816.2,2818.4,2814.9,2816.2
2018.07.27 00:00,2843.1,2847.6,2809.6,2818.1
2018.07.26 00:00,2837.4,2846.9,2833.9,2842.9
2018.07.25 00:00,2819.1,2849.8,2814.6,2837.7
2018.07.24 00:00,2816.2,2831.5,2811.5,2819.3
2018.07.23 00:00,2802.7,2817.0,2793.0,2816.5
2018.07.22 00:00,2805.5,2806.0,2802.5,2802.5
2018.07.20 00:00,2806.2,2810.5,2793.0,2803.2
2018.07.19 00:00,2816.0,2817.7,2800.2,2806.5
2018.07.18 00:00,2814.6,2818.1,2806.8,2816.0
2018.07.17 00:00,2797.7,2815.8,2789.7,2814.8
2018.07.16 00:00,2806.9,2808.6,2793.7,2797.7
2018.07.15 00:00,2806.1,2808.6,2804.9,2806.9
2018.07.13 00:00,2801.8,2806.8,2792.8,2803.3
2018.07.12 00:00,2777.4,2802.6,2775.1,2801.1
2018.07.11 00:00,2774.4,2786.9,2765.1,2776.9
2018.07.10 00:00,2790.0,2796.8,2771.9,2774.4
2018.07.09 00:00,2764.7,2790.8,2764.4,2790.0
2018.07.08 00:00,2763.2,2765.9,2761.9,2764.9
2018.07.06 00:00,2732.4,2765.4,2730.2,2761.7
2018.07.05 00:00,2718.9,2738.7,2711.7,2732.2
2018.07.04 00:00,2712.2,2723.7,2711.7,2718.7
2018.07.03 00:00,2726.9,2740.9,2710.2,2712.4
2018.07.02 00:00,2722.0,2727.7,2698.0,2726.7
2018.07.01 00:00,2722.2,2724.5,2713.5,2721.7
2018.06.29 00:00,2720.6,2744.3,2715.8,2720.0
2018.06.28 00:00,2708.2,2725.2,2692.0,2720.3
2018.06.27 00:00,2728.1,2746.8,2700.1,2708.0
2018.06.26 00:00,2719.4,2733.9,2713.6,2727.8
2018.06.25 00:00,2756.1,2756.1,2699.1,2719.4
2018.06.24 00:00,2754.8,2756.3,2751.1,2756.1
2018.06.22 00:00,2750.7,2766.4,2749.9,2754.7
2018.06.21 00:00,2772.1,2783.1,2745.1,2750.4
2018.06.20 00:00,2765.4,2776.4,2755.4,2771.8
2018.06.19 00:00,2763.4,2766.9,2733.8,2765.7
2018.06.18 00:00,2781.2,2781.4,2759.2,2763.2
2018.06.17 00:00,2777.2,2784.9,2777.2,2781.4
2018.06.15 00:00,2785.0,2786.0,2763.3,2778.8
2018.06.14 00:00,2778.4,2791.6,2769.9,2785.3
2018.06.13 00:00,2791.3,2794.3,2777.0,2778.4
2018.06.12 00:00,2787.3,2792.3,2780.8,2791.1
2018.06.11 00:00,2775.6,2792.3,2775.6,2787.6
2018.06.10 00:00,2773.3,2775.8,2772.3,2775.6
2018.06.08 00:00,2774.2,2781.0,2753.5,2780.5
2018.06.07 00:00,2772.5,2781.0,2761.5,2773.5
2018.06.06 00:00,2752.8,2776.3,2749.8,2772.7
2018.06.05 00:00,2747.4,2754.7,2740.7,2753.0
2018.06.04 00:00,2735.2,2750.9,2734.7,2747.2
2018.06.03 00:00,2731.2,2735.4,2730.4,2735.4
2018.06.01 00:00,2709.5,2738.0,2708.3,2736.0
2018.05.31 00:00,2721.6,2729.6,2700.9,2709.8
2018.05.30 00:00,2689.5,2730.8,2687.5,2721.6
2018.05.29 00:00,2723.8,2724.8,2677.1,2689.5
2018.05.28 00:00,2731.6,2733.8,2720.3,2724.1
2018.05.27 00:00,2730.6,2731.8,2728.0,2731.3
2018.05.25 00:00,2731.4,2739.2,2715.2,2722.4
2018.05.24 00:00,2729.6,2734.9,2707.6,2731.2
2018.05.23 00:00,2726.4,2734.6,2706.4,2729.9
2018.05.22 00:00,2732.7,2743.2,2723.2,2726.1
2018.05.21 00:00,2731.3,2740.6,2726.1,2732.9
2018.05.20 00:00,2729.8,2737.6,2729.8,2731.6
2018.05.18 00:00,2723.6,2727.8,2710.0,2713.4
2018.05.17 00:00,2725.3,2733.1,2711.8,2723.3
2018.05.16 00:00,2708.2,2729.4,2706.2,2725.6
2018.05.15 00:00,2731.9,2733.2,2703.0,2708.2
2018.05.14 00:00,2738.4,2743.2,2726.4,2731.9
2018.05.13 00:00,2731.9,2738.4,2731.9,2738.2
2018.05.11 00:00,2722.1,2734.1,2718.4,2729.9
2018.05.10 00:00,2698.7,2727.4,2697.2,2722.1
2018.05.09 00:00,2670.8,2703.0,2669.8,2698.2
2018.05.08 00:00,2670.5,2677.7,2655.7,2671.0
2018.05.07 00:00,2672.4,2684.6,2666.0,2670.5
2018.05.06 00:00,2665.4,2676.1,2664.1,2672.6
2018.05.04 00:00,2629.5,2672.2,2615.2,2666.0
2018.05.03 00:00,2631.5,2639.3,2594.5,2629.2
2018.05.02 00:00,2659.4,2661.9,2627.6,2631.5
2018.05.01 00:00,2650.9,2660.4,2626.4,2659.1
2018.04.30 00:00,2675.6,2685.2,2644.4,2651.2
2018.04.29 00:00,2672.3,2681.9,2672.3,2675.9
2018.04.27 00:00,2674.5,2678.8,2660.5,2674.3
2018.04.26 00:00,2653.5,2680.3,2642.3,2674.3
2018.04.25 00:00,2640.4,2655.8,2613.9,2653.0
2018.04.24 00:00,2677.8,2691.1,2618.3,2640.7
2018.04.23 00:00,2679.4,2684.9,2659.6,2677.6
2018.04.22 00:00,2683.1,2685.4,2675.4,2679.6
2018.04.20 00:00,2694.6,2699.9,2661.6,2672.9
2018.04.19 00:00,2714.5,2714.8,2683.3,2694.9
2018.04.18 00:00,2709.0,2720.2,2705.7,2714.3
2018.04.17 00:00,2683.0,2715.3,2682.8,2709.0
2018.04.16 00:00,2675.2,2688.4,2662.2,2682.8
2018.04.15 00:00,2675.4,2678.7,2672.9,2675.4
2018.04.13 00:00,2657.7,2681.4,2645.7,2660.2
2018.04.12 00:00,2647.8,2675.8,2640.8,2657.4
2018.04.11 00:00,2649.9,2662.2,2627.2,2648.1
2018.04.10 00:00,2616.7,2667.2,2613.9,2649.4
2018.04.09 00:00,2615.4,2654.9,2611.2,2616.9
2018.04.08 00:00,2610.4,2618.0,2610.4,2615.7
2018.04.06 00:00,2631.8,2657.6,2585.8,2605.8
2018.04.05 00:00,2653.1,2673.0,2620.6,2632.1
2018.04.04 00:00,2610.2,2653.8,2560.7,2652.6
2018.04.03 00:00,2584.0,2619.7,2574.4,2609.9
2018.04.02 00:00,2636.8,2642.0,2552.5,2584.3
2018.04.01 00:00,2634.5,2642.0,2632.0,2636.5
2018.03.29 00:00,2611.3,2659.7,2601.1,2637.2
2018.03.28 00:00,2615.6,2633.6,2593.1,2611.3
2018.03.27 00:00,2662.3,2679.7,2596.2,2615.3
2018.03.26 00:00,2604.2,2663.1,2601.9,2662.1
2018.03.25 00:00,2594.7,2605.9,2591.2,2604.4
2018.03.23 00:00,2628.3,2658.3,2585.8,2596.3
2018.03.22 00:00,2717.8,2725.6,2626.8,2628.3
2018.03.21 00:00,2721.7,2742.2,2712.0,2718.1
2018.03.20 00:00,2717.7,2728.2,2712.2,2721.5
2018.03.19 00:00,2752.7,2754.9,2696.3,2717.5
2018.03.18 00:00,2754.2,2754.2,2750.2,2752.7
2018.03.16 00:00,2757.7,2764.8,2748.9,2754.3
2018.03.15 00:00,2754.8,2765.7,2744.0,2757.4
2018.03.14 00:00,2766.4,2781.6,2746.8,2755.1
2018.03.13 00:00,2786.2,2806.0,2760.4,2766.6
2018.03.12 00:00,2793.9,2803.9,2782.4,2786.5
2018.03.11 00:00,2786.7,2796.4,2786.7,2793.7
2018.03.09 00:00,2740.8,2789.5,2733.5,2786.0
2018.03.08 00:00,2724.8,2745.3,2722.8,2741.5
2018.03.07 00:00,2696.0,2733.3,2684.5,2724.8
2018.03.06 00:00,2721.2,2737.2,2693.3,2696.3
2018.03.05 00:00,2684.7,2730.7,2666.9,2721.2
2018.03.04 00:00,2682.6,2687.9,2677.4,2684.2
2018.03.02 00:00,2683.6,2698.6,2649.9,2692.1
2018.03.01 00:00,2721.8,2733.8,2661.6,2683.6
2018.02.28 00:00,2756.1,2765.1,2715.6,2722.1
2018.02.27 00:00,2786.9,2792.9,2745.4,2755.9
2018.02.26 00:00,2755.4,2789.1,2746.1,2787.1
2018.02.25 00:00,2754.4,2757.9,2752.6,2755.4
2018.02.23 00:00,2716.1,2753.4,2713.1,2749.1
2018.02.22 00:00,2694.4,2734.1,2685.7,2716.1
2018.02.21 00:00,2721.6,2750.7,2693.2,2694.2
2018.02.20 00:00,2734.0,2740.5,2708.7,2722.1
2018.02.19 00:00,2743.0,2750.5,2722.5,2733.5
2018.02.18 00:00,2737.2,2743.7,2737.2,2743.0
2018.02.16 00:00,2738.7,2757.0,2724.5,2738.5
2018.02.15 00:00,2697.5,2739.7,2691.0,2739.0
2018.02.14 00:00,2667.2,2704.5,2629.5,2697.7
2018.02.13 00:00,2655.7,2670.9,2637.9,2667.2
2018.02.12 00:00,2637.9,2675.2,2623.7,2655.4
2018.02.11 00:00,2632.7,2637.7,2626.7,2637.7
2018.02.09 00:00,2591.6,2641.0,2533.6,2624.7
2018.02.08 00:00,2650.7,2689.9,2580.9,2591.4
2018.02.07 00:00,2691.5,2730.0,2648.9,2650.7
2018.02.06 00:00,2623.6,2702.6,2532.1,2691.0
2018.02.05 00:00,2743.7,2766.2,2600.0,2623.4
2018.02.04 00:00,2759.0,2759.0,2736.2,2744.2
2018.02.02 00:00,2830.6,2831.6,2758.4,2760.2
2018.02.01 00:00,2834.8,2840.3,2812.6,2830.3
2018.01.31 00:00,2827.7,2843.0,2816.5,2835.1
2018.01.30 00:00,2859.9,2861.1,2821.9,2827.5
2018.01.29 00:00,2879.9,2881.6,2855.1,2860.1
2018.01.28 00:00,2876.9,2880.4,2876.4,2880.1
2018.01.26 00:00,2846.4,2878.9,2845.4,2877.7
2018.01.25 00:00,2840.2,2856.9,2833.9,2846.4
2018.01.24 00:00,2841.6,2858.1,2828.6,2840.4
2018.01.23 00:00,2837.7,2847.5,2831.7,2841.6
2018.01.22 00:00,2810.5,2840.7,2808.5,2837.7
2018.01.21 00:00,2807.0,2812.0,2805.0,2810.2
2018.01.19 00:00,2801.2,2817.4,2794.4,2815.2
2018.01.18 00:00,2808.6,2810.3,2796.3,2801.4
2018.01.17 00:00,2783.9,2811.9,2783.2,2808.6
2018.01.16 00:00,2796.2,2810.7,2771.7,2783.7
2018.01.15 00:00,2797.9,2799.4,2793.1,2796.0
2018.01.14 00:00,2796.4,2797.6,2795.4,2797.6
2018.01.12 00:00,2770.2,2791.7,2768.7,2791.0
2018.01.11 00:00,2752.4,2772.1,2749.6,2770.5
2018.01.10 00:00,2753.0,2753.7,2738.5,2752.4
2018.01.09 00:00,2749.2,2761.5,2744.4,2753.2
2018.01.08 00:00,2747.6,2750.5,2738.8,2749.4
2018.01.07 00:00,2743.3,2749.6,2743.3,2747.8
2018.01.05 00:00,2727.0,2744.8,2725.5,2744.0
2018.01.04 00:00,2711.9,2730.4,2710.2,2727.3
2018.01.03 00:00,2695.6,2716.1,2695.6,2711.9
2018.01.02 00:00,2683.0,2697.7,2677.2,2695.6
2018.01.01 00:00,2676.2,2682.7,2676.0,2682.7
2017.12.29 00:00,2688.1,2699.6,2669.3,2669.6
2017.12.28 00:00,2687.1,2690.3,2685.0,2687.8
2017.12.27 00:00,2689.7,2692.7,2683.5,2687.1
2017.12.26 00:00,2689.0,2690.2,2688.7,2690.0
2017.12.22 00:00,2690.0,2692.7,2683.7,2688.2
2017.12.21 00:00,2683.0,2697.0,2681.3,2690.0
2017.12.20 00:00,2687.2,2695.0,2679.1,2683.0
2017.12.19 00:00,2694.9,2697.6,2682.4,2687.2
2017.12.18 00:00,2685.9,2697.4,2684.2,2694.9
2017.12.17 00:00,2681.4,2686.2,2681.4,2685.7
2017.12.15 00:00,2653.5,2682.5,2652.5,2682.2
2017.12.14 00:00,2668.4,2672.6,2651.2,2653.7
2017.12.13 00:00,2664.4,2674.7,2658.9,2668.6
2017.12.12 00:00,2664.9,2672.4,2662.9,2664.2
2017.12.11 00:00,2655.7,2667.2,2651.9,2664.9
2017.12.10 00:00,2654.1,2656.9,2653.6,2655.9
2017.12.08 00:00,2642.7,2654.3,2639.5,2653.6
2017.12.07 00:00,2633.7,2643.2,2628.5,2643.0
2017.12.06 00:00,2631.9,2636.5,2622.3,2633.7
2017.12.05 00:00,2639.8,2650.6,2629.1,2631.7
2017.12.04 00:00,2660.7,2667.0,2635.8,2640.1
2017.12.03 00:00,2659.2,2664.2,2657.2,2660.7
2017.12.01 00:00,2643.7,2652.2,2606.7,2644.3
2017.11.30 00:00,2625.5,2659.7,2623.2,2643.4
2017.11.29 00:00,2626.9,2636.4,2622.1,2625.5
2017.11.28 00:00,2602.0,2629.3,2599.7,2627.1
2017.11.27 00:00,2604.5,2607.7,2599.0,2602.0
2017.11.26 00:00,2603.0,2605.7,2603.0,2604.5
2017.11.24 00:00,2597.4,2605.2,2597.1,2603.7
2017.11.23 00:00,2596.1,2600.1,2591.9,2597.4
2017.11.22 00:00,2598.3,2602.0,2594.9,2596.4
2017.11.21 00:00,2582.9,2602.6,2581.6,2598.5
2017.11.20 00:00,2578.4,2586.1,2569.9,2583.1
2017.11.19 00:00,2578.1,2580.9,2575.9,2578.4
2017.11.17 00:00,2587.2,2587.9,2576.0,2577.7
2017.11.16 00:00,2565.7,2591.4,2565.2,2587.4
2017.11.15 00:00,2577.6,2577.9,2558.4,2565.9
2017.11.14 00:00,2582.5,2598.8,2567.5,2577.6
2017.11.13 00:00,2587.3,2588.8,2573.6,2582.5
2017.11.12 00:00,2583.8,2587.3,2583.3,2587.1
2017.11.10 00:00,2584.8,2588.8,2574.8,2582.1
2017.11.09 00:00,2594.8,2598.3,2567.3,2585.3
2017.11.08 00:00,2585.3,2596.8,2584.6,2595.1
2017.11.07 00:00,2592.2,2598.0,2584.3,2585.1
2017.11.06 00:00,2587.1,2594.1,2579.9,2592.5
2017.11.05 00:00,2584.4,2588.6,2584.1,2587.4
2017.11.03 00:00,2583.0,2589.5,2577.8,2585.3
2017.11.02 00:00,2577.6,2582.8,2566.6,2582.8
2017.11.01 00:00,2577.1,2589.8,2575.9,2577.6
2017.10.31 00:00,2571.5,2579.7,2571.2,2577.3
2017.10.30 00:00,2578.5,2581.7,2570.0,2571.5
2017.10.29 00:00,2579.5,2582.5,2578.7,2578.7
2017.10.27 00:00,2565.6,2585.0,2561.6,2581.5
2017.10.26 00:00,2561.8,2569.0,2559.8,2565.4
2017.10.25 00:00,2568.4,2570.2,2545.7,2562.0
2017.10.24 00:00,2568.1,2574.1,2566.6,2568.7
2017.10.23 00:00,2579.8,2581.1,2565.3,2568.3
2017.10.22 00:00,2575.8,2581.1,2575.8,2580.1
2017.10.20 00:00,2564.0,2578.1,2563.3,2577.1
2017.10.19 00:00,2563.8,2565.2,2546.4,2564.0
2017.10.18 00:00,2561.7,2566.0,2560.7,2563.5
2017.10.17 00:00,2559.7,2562.2,2556.2,2562.0
2017.10.16 00:00,2558.2,2563.0,2554.5,2559.5
2017.10.15 00:00,2556.5,2559.0,2556.2,2558.0
2017.10.13 00:00,2550.8,2559.1,2550.6,2555.8
2017.10.12 00:00,2554.8,2556.8,2549.8,2551.1
2017.10.11 00:00,2552.3,2556.8,2547.8,2555.1
2017.10.10 00:00,2547.1,2556.8,2546.1,2552.1
2017.10.09 00:00,2550.0,2553.8,2542.8,2547.3
2017.10.08 00:00,2548.0,2550.0,2548.0,2549.7
2017.10.06 00:00,2552.2,2553.2,2545.0,2548.2
2017.10.05 00:00,2539.7,2554.8,2538.7,2552.0
2017.10.04 00:00,2536.0,2542.4,2533.6,2539.4
2017.10.03 00:00,2530.0,2537.7,2529.7,2535.7
2017.10.02 00:00,2524.4,2532.2,2521.6,2530.2
2017.10.01 00:00,2521.9,2527.4,2521.6,2524.6
2017.09.29 00:00,2509.7,2521.9,2509.1,2521.9
2017.09.28 00:00,2506.9,2512.2,2503.2,2509.7
2017.09.27 00:00,2500.4,2513.7,2497.7,2507.2
2017.09.26 00:00,2500.8,2505.6,2496.8,2500.2
2017.09.25 00:00,2508.2,2514.0,2489.7,2501.1
2017.09.24 00:00,2502.7,2508.7,2502.5,2507.9
2017.09.22 00:00,2504.0,2505.2,2496.5,2504.2
2017.09.21 00:00,2510.0,2510.2,2501.0,2503.7
2017.09.20 00:00,2507.4,2511.5,2498.7,2509.7
2017.09.19 00:00,2507.3,2510.4,2505.3,2507.1
2017.09.18 00:00,2504.2,2510.0,2501.8,2507.0
2017.09.17 00:00,2503.2,2504.9,2502.4,2504.4
2017.09.15 00:00,2491.5,2503.7,2491.2,2503.5
2017.09.14 00:00,2496.2,2500.2,2491.0,2491.7
2017.09.13 00:00,2498.9,2499.6,2493.4,2495.9
2017.09.12 00:00,2491.5,2500.0,2489.5,2498.6
2017.09.11 00:00,2472.7,2491.3,2472.7,2491.2
2017.09.10 00:00,2473.5,2475.7,2472.2,2472.5
2017.09.08 00:00,2466.2,2469.2,2459.6,2465.2
2017.09.07 00:00,2463.4,2470.9,2461.9,2466.4
2017.09.06 00:00,2460.6,2471.6,2459.4,2463.6
2017.09.05 00:00,2472.5,2473.8,2448.4,2460.9
2017.09.04 00:00,2467.8,2473.3,2464.8,2472.3
2017.09.03 00:00,2465.3,2469.0,2464.0,2467.5
2017.09.01 00:00,2474.4,2481.9,2472.9,2475.9
2017.08.31 00:00,2459.5,2476.2,2458.7,2474.9
2017.08.30 00:00,2450.6,2461.7,2444.6,2459.2
2017.08.29 00:00,2433.7,2451.1,2423.7,2450.8
2017.08.28 00:00,2444.5,2451.8,2425.7,2433.4
2017.08.27 00:00,2441.0,2446.2,2440.2,2444.7
2017.08.25 00:00,2444.6,2456.3,2440.3,2445.3
2017.08.24 00:00,2439.6,2451.8,2437.8,2444.8
2017.08.23 00:00,2455.5,2456.0,2438.3,2439.3
2017.08.22 00:00,2432.7,2457.5,2432.4,2455.5
2017.08.21 00:00,2431.9,2432.7,2419.2,2432.4
2017.08.20 00:00,2430.9,2434.4,2430.9,2432.2
2017.08.18 00:00,2429.9,2442.1,2422.4,2427.9
2017.08.17 00:00,2466.3,2471.0,2426.6,2429.6
2017.08.16 00:00,2465.5,2476.5,2464.5,2466.5
2017.08.15 00:00,2470.4,2476.2,2463.2,2465.3
2017.08.14 00:00,2450.5,2471.2,2450.0,2470.7
2017.08.13 00:00,2446.5,2450.5,2446.2,2450.2
2017.08.11 00:00,2439.7,2449.7,2433.7,2443.7
2017.08.10 00:00,2474.7,2475.7,2436.2,2440.0
2017.08.09 00:00,2471.3,2478.5,2463.3,2475.0
2017.08.08 00:00,2481.2,2492.7,2470.5,2471.5
2017.08.07 00:00,2478.0,2482.8,2477.5,2481.0
2017.08.06 00:00,2477.0,2478.3,2476.5,2477.8
2017.08.04 00:00,2473.1,2482.1,2472.1,2476.1
2017.08.03 00:00,2476.6,2478.6,2470.6,2473.3
2017.08.02 00:00,2479.7,2480.7,2468.2,2476.8
2017.08.01 00:00,2472.8,2482.1,2472.6,2480.2
2017.07.31 00:00,2472.7,2479.7,2470.2,2472.6
2017.07.30 00:00,2475.2,2475.2,2472.7,2473.0
2017.07.28 00:00,2473.2,2476.2,2466.2,2475.5
2017.07.27 00:00,2481.5,2485.2,2462.0,2473.5
2017.07.26 00:00,2479.9,2484.7,2476.7,2481.7
2017.07.25 00:00,2473.0,2483.7,2471.9,2480.2
2017.07.24 00:00,2473.2,2475.4,2468.7,2472.8
2017.07.23 00:00,2474.2,2475.2,2473.2,2473.5
2017.07.21 00:00,2476.5,2479.8,2467.5,2474.5
2017.07.20 00:00,2474.9,2480.7,2470.3,2476.3
2017.07.19 00:00,2462.9,2476.4,2462.7,2475.2
2017.07.18 00:00,2463.3,2465.4,2452.3,2462.9
2017.07.17 00:00,2461.7,2464.7,2458.5,2463.1
2017.07.16 00:00,2462.0,2463.2,2461.5,2462.0
2017.07.14 00:00,2449.7,2465.5,2446.5,2461.7
2017.07.13 00:00,2445.7,2451.2,2443.5,2450.0
2017.07.12 00:00,2429.0,2448.0,2427.0,2446.0
2017.07.11 00:00,2428.7,2432.2,2414.9,2429.2
2017.07.10 00:00,2429.9,2434.4,2423.9,2428.9
2017.07.09 00:00,2428.4,2430.4,2427.4,2429.9
2017.07.07 00:00,2413.6,2429.1,2411.9,2427.5
2017.07.06 00:00,2434.0,2434.0,2409.5,2413.9
2017.07.05 00:00,2428.9,2437.3,2424.2,2433.8
2017.07.04 00:00,2432.6,2436.8,2426.8,2428.9
2017.07.03 00:00,2430.0,2442.1,2427.1,2432.8
2017.07.02 00:00,2428.0,2432.5,2427.7,2429.7
2017.06.30 00:00,2424.8,2434.7,2419.8,2426.7
2017.06.29 00:00,2448.0,2449.4,2407.0,2424.5
2017.06.28 00:00,2422.1,2449.0,2418.3,2447.8
2017.06.27 00:00,2441.4,2441.9,2421.4,2422.3
2017.06.26 00:00,2437.4,2452.1,2436.4,2441.1
2017.06.25 00:00,2436.9,2437.4,2434.6,2437.1
2017.06.23 00:00,2437.2,2443.2,2432.7,2436.5
2017.06.22 00:00,2434.8,2443.1,2432.3,2437.5
2017.06.21 00:00,2440.7,2443.9,2431.9,2434.5
2017.06.20 00:00,2453.2,2454.9,2438.2,2440.4
2017.06.19 00:00,2437.9,2455.4,2437.4,2452.9
2017.06.18 00:00,2437.9,2438.7,2436.9,2437.7
2017.06.16 00:00,2435.7,2440.7,2424.4,2438.4
2017.06.15 00:00,2434.2,2437.2,2420.4,2435.7
2017.06.14 00:00,2442.0,2447.7,2430.3,2433.9
2017.06.13 00:00,2431.8,2443.6,2431.8,2442.2
2017.06.12 00:00,2430.6,2432.6,2421.8,2431.6
2017.06.11 00:00,2432.1,2433.6,2428.9,2430.4
2017.06.09 00:00,2429.4,2448.3,2417.3,2431.8
2017.06.08 00:00,2433.5,2440.5,2427.6,2429.6
2017.06.07 00:00,2431.8,2436.2,2425.5,2433.2
2017.06.06 00:00,2436.0,2437.1,2427.8,2431.8
2017.06.05 00:00,2435.1,2440.0,2434.1,2436.2
2017.06.04 00:00,2437.3,2437.8,2434.6,2435.3
2017.06.02 00:00,2431.1,2440.6,2428.1,2438.3
2017.06.01 00:00,2412.8,2432.3,2411.3,2430.8
2017.05.31 00:00,2412.1,2417.4,2403.4,2413.0
2017.05.30 00:00,2415.8,2415.8,2409.0,2411.9
2017.05.29 00:00,2416.9,2418.4,2415.0,2415.5
2017.05.28 00:00,2415.9,2418.4,2415.7,2417.2
2017.05.26 00:00,2414.4,2417.2,2409.9,2416.2
2017.05.25 00:00,2405.2,2419.5,2404.7,2414.7
2017.05.24 00:00,2398.6,2406.1,2396.8,2405.0
2017.05.23 00:00,2389.4,2401.5,2389.4,2398.8
2017.05.22 00:00,2384.3,2396.7,2380.4,2389.4
2017.05.21 00:00,2383.3,2385.8,2383.3,2384.6
2017.05.19 00:00,2366.8,2389.8,2363.1,2384.0
2017.05.18 00:00,2362.3,2376.5,2346.5,2366.8
2017.05.17 00:00,2387.7,2390.5,2356.4,2362.5
2017.05.16 00:00,2401.4,2406.7,2387.2,2387.4
2017.05.15 00:00,2391.4,2404.9,2390.9,2401.1
2017.05.14 00:00,2390.5,2393.2,2390.4,2391.7
2017.05.12 00:00,2393.6,2394.2,2387.2,2391.6
2017.05.11 00:00,2397.5,2397.8,2381.9,2393.4
2017.05.10 00:00,2391.3,2400.2,2391.1,2397.8
2017.05.09 00:00,2398.7,2404.2,2391.5,2391.6
2017.05.08 00:00,2401.3,2402.0,2394.3,2399.0
2017.05.07 00:00,2407.0,2407.0,2400.6,2401.3
2017.05.05 00:00,2390.1,2404.0,2383.9,2404.0
2017.05.04 00:00,2390.3,2395.5,2380.8,2390.4
2017.05.03 00:00,2389.0,2391.3,2380.8,2390.0
2017.05.02 00:00,2391.5,2394.0,2387.2,2389.3
2017.05.01 00:00,2383.5,2396.0,2383.5,2391.7
2017.04.30 00:00,2386.2,2386.2,2382.2,2383.8
2017.04.28 00:00,2390.3,2393.7,2383.4,2385.6
2017.04.27 00:00,2388.3,2393.5,2383.5,2390.1
2017.04.26 00:00,2387.6,2399.4,2386.2,2388.0
2017.04.25 00:00,2372.7,2393.5,2372.7,2387.6
2017.04.24 00:00,2371.2,2380.7,2369.5,2373.0
2017.04.23 00:00,2348.6,2376.7,2348.6,2371.4
2017.04.21 00:00,2356.9,2359.9,2344.8,2349.2
2017.04.20 00:00,2339.0,2362.5,2337.7,2356.7
2017.04.19 00:00,2342.9,2353.3,2335.4,2338.8
2017.04.18 00:00,2349.0,2351.2,2334.7,2342.7
2017.04.17 00:00,2329.5,2350.1,2327.0,2348.7
2017.04.16 00:00,2330.1,2330.9,2328.4,2329.2
2017.04.13 00:00,2344.5,2349.1,2328.1,2331.9
2017.04.12 00:00,2353.7,2360.7,2342.1,2344.2
2017.04.11 00:00,2357.0,2358.5,2337.7,2354.0
2017.04.10 00:00,2357.6,2367.6,2352.1,2357.2
2017.04.09 00:00,2356.5,2358.3,2355.2,2357.3
2017.04.07 00:00,2358.6,2365.1,2341.3,2357.2
2017.04.06 00:00,2348.1,2365.6,2342.2,2358.8
2017.04.05 00:00,2363.2,2379.9,2348.4,2348.4
2017.04.04 00:00,2359.0,2364.4,2349.7,2363.4
2017.04.03 00:00,2364.5,2368.2,2345.0,2359.2
2017.04.02 00:00,2361.2,2365.7,2361.2,2364.2
2017.03.31 00:00,2368.0,2371.6,2361.7,2362.5
2017.03.30 00:00,2362.4,2371.5,2358.2,2368.2
2017.03.29 00:00,2358.0,2364.3,2353.6,2362.6
2017.03.28 00:00,2346.2,2365.4,2338.7,2358.5
2017.03.27 00:00,2335.9,2347.3,2322.9,2346.2
2017.03.26 00:00,2347.6,2347.6,2332.6,2336.4
2017.03.24 00:00,2348.3,2357.7,2336.8,2347.3
2017.03.23 00:00,2352.6,2360.9,2343.4,2348.1
2017.03.22 00:00,2343.4,2353.5,2337.1,2352.9
2017.03.21 00:00,2373.8,2383.3,2341.0,2343.1
2017.03.20 00:00,2377.2,2380.4,2370.3,2374.0
2017.03.19 00:00,2378.7,2379.2,2376.2,2377.4
2017.03.17 00:00,2383.5,2386.9,2377.5,2380.0
2017.03.16 00:00,2386.1,2392.9,2378.3,2383.3
2017.03.15 00:00,2368.4,2391.8,2367.4,2386.4
2017.03.14 00:00,2374.5,2375.0,2359.0,2368.3
2017.03.13 00:00,2369.6,2375.7,2369.3,2374.7
2017.03.12 00:00,2372.5,2373.0,2368.7,2369.5
2017.03.10 00:00,2370.2,2380.5,2363.5,2372.6
2017.03.09 00:00,2365.3,2371.0,2355.1,2370.5
2017.03.08 00:00,2364.7,2373.8,2360.6,2365.6
2017.03.07 00:00,2373.0,2376.8,2364.2,2364.5
2017.03.06 00:00,2372.2,2379.4,2368.4,2373.2
2017.03.05 00:00,2379.1,2379.6,2372.2,2372.4
2017.03.03 00:00,2381.2,2384.4,2375.2,2381.6
2017.03.02 00:00,2394.7,2395.7,2379.4,2380.9
2017.03.01 00:00,2366.6,2402.4,2366.1,2394.4
2017.02.28 00:00,2367.6,2370.5,2359.5,2366.3
2017.02.27 00:00,2369.0,2372.5,2363.0,2367.8
2017.02.26 00:00,2368.0,2370.0,2367.8,2368.8
2017.02.24 00:00,2361.6,2367.4,2351.4,2366.1
2017.02.23 00:00,2363.1,2369.7,2355.5,2361.9
2017.02.22 00:00,2362.3,2366.2,2357.7,2363.4
2017.02.21 00:00,2356.2,2367.4,2351.6,2362.5
2017.02.20 00:00,2349.7,2359.2,2348.7,2355.9
2017.02.19 00:00,2349.1,2350.3,2348.9,2349.9
2017.02.17 00:00,2346.1,2351.3,2339.2,2350.8
2017.02.16 00:00,2352.0,2352.3,2339.3,2346.3
2017.02.15 00:00,2337.4,2354.1,2334.2,2352.0
2017.02.14 00:00,2329.7,2340.7,2322.9,2337.6
2017.02.13 00:00,2319.0,2332.6,2317.3,2329.9
2017.02.12 00:00,2317.0,2319.1,2317.0,2319.1
2017.02.10 00:00,2308.3,2319.8,2307.3,2317.3
2017.02.09 00:00,2294.3,2312.0,2291.9,2308.0
2017.02.08 00:00,2290.4,2296.4,2285.7,2294.5
2017.02.07 00:00,2292.0,2300.2,2288.9,2290.2
2017.02.06 00:00,2294.8,2299.3,2289.0,2292.2
2017.02.05 00:00,2297.7,2297.9,2294.8,2295.0
2017.02.03 00:00,2279.4,2298.9,2275.9,2296.7
2017.02.02 00:00,2277.4,2284.7,2270.1,2279.6
2017.02.01 00:00,2281.4,2290.2,2274.3,2277.6
2017.01.31 00:00,2282.0,2284.0,2268.3,2281.7
2017.01.30 00:00,2288.1,2291.6,2269.3,2281.7
2017.01.29 00:00,2289.3,2290.3,2287.5,2288.4
2017.01.27 00:00,2298.5,2302.5,2293.0,2295.3
2017.01.26 00:00,2298.8,2302.3,2295.6,2298.7
2017.01.25 00:00,2282.6,2301.0,2280.7,2299.0
2017.01.24 00:00,2267.6,2286.2,2265.5,2282.4
2017.01.23 00:00,2266.0,2273.1,2257.6,2267.4
2017.01.22 00:00,2271.1,2272.1,2265.5,2265.7
2017.01.20 00:00,2268.6,2278.5,2265.7,2272.4
2017.01.19 00:00,2272.5,2275.2,2259.0,2268.6
2017.01.18 00:00,2268.6,2274.1,2264.2,2272.5
2017.01.17 00:00,2272.2,2273.5,2263.4,2268.6
2017.01.16 00:00,2274.4,2275.5,2271.3,2272.4
2017.01.15 00:00,2275.7,2275.7,2274.2,2274.7
2017.01.13 00:00,2271.1,2279.4,2268.9,2276.7
2017.01.12 00:00,2276.1,2276.1,2254.7,2271.1
2017.01.11 00:00,2270.4,2277.6,2261.1,2275.8
2017.01.10 00:00,2268.9,2280.1,2265.9,2270.2
2017.01.09 00:00,2278.8,2281.4,2268.0,2268.6
2017.01.08 00:00,2277.0,2279.3,2276.8,2279.0
2017.01.06 00:00,2269.7,2283.0,2264.4,2277.2
2017.01.05 00:00,2270.2,2272.0,2261.0,2269.8
2017.01.04 00:00,2258.6,2273.9,2258.1,2270.5
2017.01.03 00:00,2250.1,2266.5,2246.6,2258.9
2017.01.02 00:00,2251.0,2251.9,2249.8,2250.4
2016.12.30 00:00,2253.1,2259.8,2235.3,2240.4
2016.12.29 00:00,2253.8,2257.0,2246.8,2252.8
2016.12.28 00:00,2268.8,2294.5,2250.8,2254.0
2016.12.27 00:00,2266.7,2276.7,2265.2,2269.0
2016.12.26 00:00,2267.0,2267.5,2266.0,2266.5
2016.12.23 00:00,2265.4,2268.1,2261.6,2266.1
2016.12.22 00:00,2266.7,2268.4,2259.3,2265.4
2016.12.21 00:00,2274.4,2275.7,2265.8,2266.7
2016.12.20 00:00,2268.8,2277.1,2267.5,2274.6
2016.12.19 00:00,2266.6,2271.6,2261.9,2268.5
2016.12.18 00:00,2264.3,2267.3,2264.1,2266.6
2016.12.16 00:00,2267.6,2271.6,2257.6,2263.1
2016.12.15 00:00,2260.3,2275.4,2254.9,2267.6
2016.12.14 00:00,2274.9,2280.1,2251.1,2260.0
2016.12.13 00:00,2256.7,2280.7,2256.5,2275.1
2016.12.12 00:00,2268.0,2268.6,2255.1,2256.7
2016.12.11 00:00,2263.8,2272.8,2263.5,2267.9
2016.12.09 00:00,2249.8,2263.8,2248.1,2263.5
2016.12.08 00:00,2239.9,2254.0,2235.8,2249.8
2016.12.07 00:00,2213.6,2244.1,2209.6,2239.6
2016.12.06 00:00,2208.5,2215.2,2203.7,2213.6
2016.12.05 00:00,2187.0,2212.0,2185.6,2208.2
2016.12.04 00:00,2184.9,2189.0,2182.7,2186.7
2016.12.02 00:00,2192.4,2199.8,2187.0,2193.4
2016.12.01 00:00,2201.7,2205.8,2188.6,2192.4
2016.11.30 00:00,2206.2,2216.2,2199.4,2201.9
2016.11.29 00:00,2202.7,2212.3,2199.4,2205.9
2016.11.28 00:00,2210.9,2212.9,2201.8,2202.4
2016.11.27 00:00,2213.0,2213.9,2209.8,2210.7
2016.11.25 00:00,2209.1,2215.4,2206.4,2214.9
2016.11.24 00:00,2203.0,2210.7,2201.5,2209.1
2016.11.23 00:00,2203.6,2207.2,2196.1,2203.2
2016.11.22 00:00,2197.8,2206.4,2195.6,2203.6
2016.11.21 00:00,2184.4,2200.0,2182.4,2197.5
2016.11.20 00:00,2183.1,2185.1,2182.2,2184.6
2016.11.18 00:00,2186.8,2191.0,2180.3,2183.9
2016.11.17 00:00,2176.6,2189.2,2175.7,2186.5
2016.11.16 00:00,2183.2,2188.7,2172.7,2176.8
2016.11.15 00:00,2165.3,2183.9,2163.5,2183.0
2016.11.14 00:00,2171.8,2178.8,2157.0,2165.0
2016.11.13 00:00,2163.8,2172.8,2163.6,2172.1
2016.11.11 00:00,2170.2,2175.0,2153.3,2164.7
2016.11.10 00:00,2162.0,2185.0,2152.5,2170.3
2016.11.09 00:00,2146.9,2171.3,2032.2,2161.8
2016.11.08 00:00,2132.8,2148.6,2124.1,2146.9
2016.11.07 00:00,2111.1,2136.4,2108.7,2132.7
2016.11.06 00:00,2093.3,2116.6,2093.3,2111.4
2016.11.04 00:00,2090.5,2100.0,2083.9,2087.4
2016.11.03 00:00,2097.9,2104.5,2085.7,2090.7
2016.11.02 00:00,2107.7,2112.7,2092.8,2097.6
2016.11.01 00:00,2129.2,2135.9,2097.8,2108.0
2016.10.31 00:00,2126.5,2136.8,2125.1,2129.4
2016.10.30 00:00,2127.0,2129.1,2122.7,2126.7
2016.10.28 00:00,2134.2,2141.6,2119.1,2129.6
2016.10.27 00:00,2140.2,2150.0,2128.9,2134.5
2016.10.26 00:00,2140.1,2146.4,2131.2,2140.2
2016.10.25 00:00,2150.5,2155.3,2139.1,2140.6
2016.10.24 00:00,2143.0,2155.0,2140.5,2150.3
2016.10.23 00:00,2140.5,2145.2,2140.3,2143.3
2016.10.21 00:00,2143.3,2143.3,2129.0,2141.2
2016.10.20 00:00,2144.4,2149.9,2132.5,2143.0
2016.10.19 00:00,2138.2,2148.3,2132.8,2144.7
2016.10.18 00:00,2130.4,2145.8,2130.4,2138.3
2016.10.17 00:00,2129.1,2136.1,2123.5,2130.6
2016.10.16 00:00,2132.1,2134.8,2124.9,2128.9
2016.10.14 00:00,2131.6,2149.4,2128.4,2132.3
2016.10.13 00:00,2135.9,2138.1,2114.1,2131.4
2016.10.12 00:00,2141.4,2146.7,2132.4,2135.6
2016.10.11 00:00,2166.1,2166.6,2128.1,2141.2
2016.10.10 00:00,2157.6,2169.6,2154.8,2166.4
2016.10.09 00:00,2151.6,2159.9,2151.6,2157.4
2016.10.07 00:00,2158.3,2167.3,2144.2,2152.3
2016.10.06 00:00,2159.4,2163.1,2149.5,2158.1
2016.10.05 00:00,2148.4,2163.8,2147.2,2159.2
2016.10.04 00:00,2161.5,2166.8,2142.9,2148.4
2016.10.03 00:00,2168.7,2170.9,2154.0,2161.7
2016.10.02 00:00,2162.9,2168.9,2162.9,2168.9
2016.09.30 00:00,2152.1,2175.3,2143.3,2164.3
2016.09.29 00:00,2171.2,2174.0,2144.5,2152.4
2016.09.28 00:00,2158.2,2172.4,2151.5,2170.9
2016.09.27 00:00,2146.2,2161.4,2140.7,2158.4
2016.09.26 00:00,2166.2,2167.3,2144.4,2146.2
2016.09.25 00:00,2164.2,2167.0,2162.3,2166.3
2016.09.23 00:00,2174.9,2177.5,2164.0,2165.1
2016.09.22 00:00,2162.5,2180.1,2160.7,2175.2
2016.09.21 00:00,2139.0,2165.1,2134.0,2162.2
2016.09.20 00:00,2139.0,2150.6,2136.6,2139.0
2016.09.19 00:00,2145.3,2153.8,2134.8,2138.8
2016.09.18 00:00,2136.9,2148.0,2136.9,2145.3
2016.09.16 00:00,2140.5,2143.2,2130.0,2139.7
2016.09.15 00:00,2124.8,2151.5,2114.9,2140.8
2016.09.14 00:00,2130.0,2142.0,2119.5,2124.7
2016.09.13 00:00,2156.9,2157.4,2119.9,2130.1
2016.09.12 00:00,2121.0,2163.8,2108.2,2156.8
2016.09.11 00:00,2121.4,2124.5,2116.8,2121.1
2016.09.09 00:00,2178.9,2179.4,2123.2,2124.1
2016.09.08 00:00,2185.3,2190.5,2177.2,2179.0
2016.09.07 00:00,2185.6,2191.3,2178.9,2185.3
2016.09.06 00:00,2179.8,2187.7,2174.8,2185.8
2016.09.05 00:00,2182.2,2183.7,2176.9,2179.5
2016.09.04 00:00,2179.9,2182.7,2178.8,2182.2
2016.09.02 00:00,2168.7,2185.2,2165.9,2180.7
2016.09.01 00:00,2171.0,2178.8,2156.5,2168.9
2016.08.31 00:00,2176.1,2177.8,2161.3,2170.8
2016.08.30 00:00,2181.9,2183.5,2171.0,2176.3
2016.08.29 00:00,2170.3,2184.5,2167.0,2182.1
2016.08.28 00:00,2168.7,2170.3,2167.0,2170.0
2016.08.26 00:00,2176.7,2189.3,2160.3,2170.0
2016.08.25 00:00,2176.9,2179.9,2170.1,2176.9
2016.08.24 00:00,2188.6,2190.2,2171.6,2177.2
2016.08.23 00:00,2182.8,2193.9,2182.0,2188.3
2016.08.22 00:00,2184.0,2187.0,2176.4,2182.5
2016.08.21 00:00,2184.1,2185.0,2182.8,2184.0
2016.08.19 00:00,2186.3,2186.8,2175.4,2184.8
2016.08.18 00:00,2182.9,2187.3,2179.4,2186.5
2016.08.17 00:00,2181.1,2184.8,2168.7,2182.9
2016.08.16 00:00,2188.3,2189.5,2178.8,2181.1
2016.08.15 00:00,2185.9,2194.6,2184.9,2188.6
2016.08.14 00:00,2183.9,2185.9,2183.7,2185.6
2016.08.12 00:00,2186.6,2187.9,2179.6,2184.7
2016.08.11 00:00,2175.2,2189.1,2174.9,2186.3
2016.08.10 00:00,2179.8,2185.6,2172.0,2175.2
2016.08.09 00:00,2180.1,2188.4,2178.9,2180.0
2016.08.08 00:00,2182.3,2188.0,2178.4,2180.1
2016.08.07 00:00,2181.5,2183.7,2179.6,2182.5
2016.08.05 00:00,2166.4,2183.5,2165.6,2182.5
2016.08.04 00:00,2163.1,2169.4,2159.4,2166.1
2016.08.03 00:00,2157.3,2163.8,2151.0,2163.4
2016.08.02 00:00,2172.0,2176.9,2147.9,2157.5
2016.08.01 00:00,2177.2,2184.0,2166.5,2171.7
2016.07.31 00:00,2177.0,2180.8,2175.5,2177.5
2016.07.29 00:00,2172.4,2178.0,2163.7,2176.9
2016.07.28 00:00,2168.1,2174.6,2160.0,2172.2
2016.07.27 00:00,2172.9,2175.7,2158.8,2167.9
2016.07.26 00:00,2168.2,2174.4,2160.5,2173.1
2016.07.25 00:00,2173.7,2178.9,2162.6,2168.6
2016.07.24 00:00,2172.6,2174.4,2172.6,2173.9
2016.07.22 00:00,2164.9,2175.6,2162.4,2173.8
2016.07.21 00:00,2173.4,2176.7,2160.1,2165.2
2016.07.20 00:00,2164.6,2176.2,2161.6,2173.7
2016.07.19 00:00,2166.9,2167.1,2158.1,2164.3
2016.07.18 00:00,2163.1,2169.9,2159.6,2167.1
2016.07.17 00:00,2150.5,2167.4,2150.5,2162.9
2016.07.15 00:00,2160.1,2171.4,2150.5,2152.9
2016.07.14 00:00,2150.4,2174.7,2149.6,2160.4
2016.07.13 00:00,2151.6,2158.9,2146.4,2150.6
2016.07.12 00:00,2136.6,2156.1,2135.6,2151.9
2016.07.11 00:00,2128.8,2143.6,2128.8,2136.6
2016.07.10 00:00,2126.6,2129.3,2126.6,2128.8
2016.07.08 00:00,2098.6,2132.3,2094.3,2127.7
2016.07.07 00:00,2098.8,2108.8,2088.8,2098.3
2016.07.06 00:00,2086.8,2101.5,2073.0,2098.6
2016.07.05 00:00,2104.7,2104.7,2080.2,2087.0
2016.07.04 00:00,2102.0,2112.7,2102.0,2104.5
2016.07.03 00:00,2103.0,2107.0,2102.0,2102.0
2016.07.01 00:00,2093.4,2108.4,2089.4,2104.0
2016.06.30 00:00,2076.4,2099.4,2064.9,2093.4
2016.06.29 00:00,2034.9,2082.6,2030.9,2076.4
2016.06.28 00:00,1998.2,2038.1,1996.0,2035.1
2016.06.27 00:00,2016.0,2031.0,1989.5,1998.2
2016.06.26 00:00,2015.9,2026.0,2010.5,2015.7
2016.06.24 00:00,2105.7,2108.2,2007.0,2027.2
2016.06.23 00:00,2095.0,2128.2,2093.3,2106.0
2016.06.22 00:00,2086.8,2100.2,2084.2,2095.0
2016.06.21 00:00,2087.0,2094.8,2083.1,2087.1
2016.06.20 00:00,2085.8,2101.4,2080.4,2086.6
2016.06.19 00:00,2071.8,2088.0,2067.9,2085.5
2016.06.17 00:00,2082.6,2083.9,2062.4,2069.4
2016.06.16 00:00,2073.6,2082.4,2050.3,2082.4
2016.06.15 00:00,2072.5,2087.2,2069.6,2073.4
2016.06.14 00:00,2076.3,2082.3,2064.5,2072.3
2016.06.13 00:00,2091.9,2098.8,2073.8,2076.0
2016.06.12 00:00,2091.8,2094.5,2089.9,2092.0
2016.06.10 00:00,2114.2,2115.0,2090.0,2097.5
2016.06.09 00:00,2118.2,2119.7,2107.7,2114.5
2016.06.08 00:00,2110.8,2121.0,2108.1,2118.2
2016.06.07 00:00,2108.9,2119.6,2108.7,2111.1
2016.06.06 00:00,2096.9,2113.9,2096.2,2108.6
2016.06.05 00:00,2098.2,2101.1,2096.0,2097.0
2016.06.03 00:00,2106.6,2107.7,2084.7,2099.1
2016.06.02 00:00,2099.2,2106.6,2088.6,2106.4
2016.06.01 00:00,2097.1,2101.2,2085.4,2099.5
2016.05.31 00:00,2103.2,2105.0,2088.4,2097.1
2016.05.30 00:00,2103.8,2106.3,2101.6,2103.5
2016.05.29 00:00,2100.3,2105.8,2100.2,2104.0
2016.05.27 00:00,2093.7,2101.2,2090.6,2101.2
2016.05.26 00:00,2088.6,2094.5,2085.5,2093.9
2016.05.25 00:00,2081.4,2095.4,2079.2,2088.9
2016.05.24 00:00,2048.9,2082.4,2044.5,2081.2
2016.05.23 00:00,2053.7,2059.3,2046.7,2048.9
2016.05.22 00:00,2052.1,2056.1,2052.1,2053.5
2016.05.20 00:00,2041.3,2058.5,2041.3,2053.4
2016.05.19 00:00,2046.4,2047.2,2025.3,2041.3
2016.05.18 00:00,2047.0,2060.9,2033.9,2046.4
2016.05.17 00:00,2064.6,2072.6,2040.3,2047.3
2016.05.16 00:00,2044.5,2072.3,2044.2,2064.8
2016.05.15 00:00,2045.6,2045.7,2039.7,2044.2
2016.05.13 00:00,2064.2,2067.4,2042.3,2046.9
2016.05.12 00:00,2064.2,2076.8,2052.7,2064.2
2016.05.11 00:00,2081.1,2083.0,2061.0,2063.9
2016.05.10 00:00,2055.9,2084.4,2055.7,2081.4
2016.05.09 00:00,2062.6,2065.3,2053.1,2055.9
2016.05.08 00:00,2059.4,2063.9,2055.7,2062.8
2016.05.06 00:00,2049.7,2059.7,2036.4,2059.5
2016.05.05 00:00,2054.3,2065.8,2044.3,2049.7
2016.05.04 00:00,2065.8,2066.6,2045.5,2054.3
2016.05.03 00:00,2080.9,2082.7,2054.8,2065.8
2016.05.02 00:00,2064.2,2084.4,2062.1,2081.0
2016.05.01 00:00,2063.2,2067.9,2062.2,2064.2
2016.04.29 00:00,2081.0,2083.1,2052.7,2067.4
2016.04.28 00:00,2099.5,2101.0,2072.1,2080.7
2016.04.27 00:00,2090.9,2101.2,2083.6,2099.6
2016.04.26 00:00,2090.2,2098.3,2086.8,2090.7
2016.04.25 00:00,2094.3,2094.8,2078.1,2090.4
2016.04.24 00:00,2091.9,2097.8,2091.9,2094.6
2016.04.22 00:00,2087.7,2095.8,2082.1,2093.1
2016.04.21 00:00,2104.6,2110.9,2084.8,2087.9
2016.04.20 00:00,2097.8,2112.1,2092.8,2104.8
2016.04.19 00:00,2094.4,2105.5,2092.2,2098.1
2016.04.18 00:00,2070.4,2095.4,2065.8,2094.7
2016.04.17 00:00,2071.0,2083.6,2069.2,2070.4
2016.04.15 00:00,2083.4,2087.0,2076.4,2082.2
2016.04.14 00:00,2082.9,2088.7,2075.8,2083.5
2016.04.13 00:00,2063.3,2084.1,2062.3,2083.2
2016.04.12 00:00,2039.8,2069.6,2039.3,2063.6
2016.04.11 00:00,2049.5,2064.0,2037.8,2039.8
2016.04.10 00:00,2051.3,2051.3,2046.5,2049.6
2016.04.08 00:00,2038.4,2062.0,2038.1,2049.6
2016.04.07 00:00,2066.4,2069.7,2034.0,2038.1
2016.04.06 00:00,2050.6,2068.1,2043.0,2066.4
2016.04.05 00:00,2061.6,2062.8,2042.8,2050.6
2016.04.04 00:00,2070.1,2079.9,2060.9,2061.8
2016.04.03 00:00,2072.4,2072.6,2069.8,2069.8
2016.04.01 00:00,2061.5,2075.7,2044.2,2073.5
2016.03.31 00:00,2063.0,2068.5,2056.3,2061.7
2016.03.30 00:00,2059.2,2073.3,2056.5,2063.2
2016.03.29 00:00,2036.2,2060.2,2028.4,2059.5
2016.03.28 00:00,2042.6,2049.2,2031.7,2036.4
2016.03.27 00:00,2038.7,2042.6,2038.7,2042.6
2016.03.24 00:00,2037.5,2039.8,2022.0,2039.8
2016.03.23 00:00,2051.5,2054.9,2035.0,2037.8
2016.03.22 00:00,2051.4,2057.4,2038.6,2051.5
2016.03.21 00:00,2046.2,2054.2,2040.8,2051.7
2016.03.20 00:00,2047.7,2047.7,2045.0,2046.5
2016.03.18 00:00,2043.1,2052.4,2036.9,2049.1
2016.03.17 00:00,2029.4,2046.6,2015.6,2042.9
2016.03.16 00:00,2018.7,2032.5,2007.0,2029.6
2016.03.15 00:00,2019.3,2019.8,2005.1,2019.0
2016.03.14 00:00,2018.8,2024.8,2012.1,2019.6
2016.03.13 00:00,2020.4,2022.1,2017.3,2019.3
2016.03.11 00:00,1989.5,2022.8,1989.0,2021.3
2016.03.10 00:00,1990.0,2011.3,1968.8,1989.5
2016.03.09 00:00,1982.6,1995.1,1979.4,1989.8
2016.03.08 00:00,2001.2,2001.2,1977.5,1982.6
2016.03.07 00:00,1994.1,2006.2,1986.6,2001.0
2016.03.06 00:00,1993.6,1996.3,1992.6,1994.3
2016.03.04 00:00,1991.9,2009.4,1986.2,1996.4
2016.03.03 00:00,1981.9,1994.6,1977.1,1991.9
2016.03.02 00:00,1977.9,1986.9,1968.6,1981.9
2016.03.01 00:00,1933.7,1981.6,1923.2,1978.1
2016.02.29 00:00,1942.4,1958.7,1929.4,1934.0
2016.02.28 00:00,1942.0,1944.9,1940.7,1942.2
2016.02.26 00:00,1953.5,1971.3,1944.3,1944.3
2016.02.25 00:00,1938.6,1954.1,1923.1,1953.3
2016.02.24 00:00,1917.4,1939.1,1890.1,1938.6
2016.02.23 00:00,1936.2,1940.9,1916.4,1917.6
2016.02.22 00:00,1913.3,1946.7,1913.3,1936.4
2016.02.21 00:00,1914.6,1916.6,1911.5,1913.0
2016.02.19 00:00,1920.0,1926.0,1901.8,1917.5
2016.02.18 00:00,1930.2,1936.7,1914.7,1920.0
2016.02.17 00:00,1892.8,1931.1,1885.1,1930.2
2016.02.16 00:00,1886.5,1899.1,1874.0,1892.6
2016.02.15 00:00,1873.6,1894.1,1872.1,1886.3
2016.02.14 00:00,1863.2,1875.1,1863.2,1873.4
2016.02.12 00:00,1833.9,1864.9,1827.6,1863.9
2016.02.11 00:00,1843.1,1846.8,1807.6,1833.6
2016.02.10 00:00,1857.6,1881.7,1843.1,1843.3
2016.02.09 00:00,1850.8,1869.1,1831.0,1857.6
2016.02.08 00:00,1880.7,1889.5,1827.2,1851.0
2016.02.07 00:00,1878.3,1883.0,1878.3,1880.5
2016.02.05 00:00,1908.4,1919.6,1871.1,1879.2
2016.02.04 00:00,1913.3,1927.1,1895.3,1908.6
2016.02.03 00:00,1900.0,1918.0,1871.0,1913.6
2016.02.02 00:00,1929.8,1933.5,1895.3,1899.7
2016.02.01 00:00,1935.0,1946.0,1918.7,1930.0
2016.01.31 00:00,1934.3,1938.8,1933.3,1934.8
2016.01.29 00:00,1887.5,1938.5,1882.5,1937.3
2016.01.28 00:00,1878.8,1908.5,1872.0,1887.5
2016.01.27 00:00,1893.0,1915.8,1871.0,1878.8
2016.01.26 00:00,1873.7,1906.2,1857.7,1893.0
2016.01.25 00:00,1906.4,1909.2,1872.2,1873.7
2016.01.24 00:00,1904.7,1910.7,1904.4,1906.7
2016.01.22 00:00,1870.7,1908.6,1862.2,1905.7
2016.01.21 00:00,1867.2,1889.7,1842.9,1870.9
2016.01.20 00:00,1882.2,1882.7,1810.9,1866.9
2016.01.19 00:00,1881.2,1914.3,1863.5,1882.4
2016.01.18 00:00,1875.6,1896.6,1872.1,1881.0
2016.01.17 00:00,1882.4,1882.4,1866.6,1875.6
2016.01.15 00:00,1924.6,1927.4,1856.1,1884.1
2016.01.14 00:00,1889.5,1934.2,1878.2,1924.6
2016.01.13 00:00,1934.2,1953.2,1885.0,1889.2
2016.01.12 00:00,1925.9,1947.1,1906.2,1934.0
2016.01.11 00:00,1903.9,1935.7,1899.9,1925.9
2016.01.10 00:00,1919.0,1919.3,1901.7,1903.9
2016.01.08 00:00,1942.9,1971.7,1917.2,1919.4
2016.01.07 00:00,1995.2,1997.2,1935.4,1942.9
2016.01.06 00:00,2017.1,2019.6,1977.1,1995.7
2016.01.05 00:00,2019.3,2024.0,2000.0,2017.3
2016.01.04 00:00,2047.9,2050.4,1987.5,2019.3
2016.01.03 00:00,2043.2,2050.7,2042.5,2047.9
2015.12.31 00:00,2065.1,2065.6,2038.3,2043.8
2015.12.30 00:00,2079.3,2082.8,2060.9,2064.8
2015.12.29 00:00,2056.7,2082.6,2055.2,2079.3
2015.12.28 00:00,2060.4,2061.5,2043.5,2056.7
2015.12.27 00:00,2058.2,2062.9,2058.2,2060.7
2015.12.24 00:00,2061.9,2068.1,2057.7,2059.2
2015.12.23 00:00,2042.3,2066.2,2039.3,2061.9
2015.12.22 00:00,2026.7,2044.8,2015.9,2042.6
2015.12.21 00:00,2006.6,2028.1,2003.8,2026.4
2015.12.20 00:00,2002.5,2009.1,2002.5,2006.8
2015.12.18 00:00,2032.8,2038.2,1999.5,2003.4
2015.12.17 00:00,2071.2,2081.0,2026.7,2032.6
2015.12.16 00:00,2045.0,2077.3,2041.0,2071.2
2015.12.15 00:00,2026.1,2054.3,2019.1,2045.3
2015.12.14 00:00,2012.9,2028.4,1992.3,2025.8
2015.12.13 00:00,2009.0,2014.4,2007.3,2012.7
2015.12.11 00:00,2051.2,2056.7,2005.7,2008.7
2015.12.10 00:00,2048.3,2068.0,2044.9,2051.4
2015.12.09 00:00,2064.8,2081.6,2036.3,2048.3
2015.12.08 00:00,2080.5,2081.3,2052.4,2065.1
2015.12.07 00:00,2091.1,2098.3,2067.0,2080.8
2015.12.06 00:00,2090.5,2095.8,2089.4,2091.4
2015.12.04 00:00,2056.0,2095.9,2050.0,2091.7
2015.12.03 00:00,2083.9,2097.7,2042.5,2055.8
2015.12.02 00:00,2100.2,2106.9,2077.2,2084.2
2015.12.01 00:00,2089.7,2103.9,2086.2,2099.9
2015.11.30 00:00,2089.7,2097.7,2081.5,2089.9
2015.11.29 00:00,2090.9,2093.0,2088.5,2089.5
2015.11.27 00:00,2098.5,2099.0,2084.8,2093.1
2015.11.26 00:00,2092.9,2101.5,2091.9,2098.8
2015.11.25 00:00,2089.4,2095.9,2085.9,2093.2
2015.11.24 00:00,2089.0,2095.2,2069.5,2089.7
2015.11.23 00:00,2094.7,2097.0,2082.2,2088.7
2015.11.22 00:00,2091.8,2096.2,2091.5,2095.0
2015.11.20 00:00,2080.7,2098.4,2079.9,2092.8
2015.11.19 00:00,2085.4,2093.5,2079.8,2080.9
2015.11.18 00:00,2052.2,2086.7,2047.6,2085.6
2015.11.17 00:00,2051.0,2067.7,2046.0,2052.2
2015.11.16 00:00,2009.3,2054.8,2009.3,2050.8
2015.11.15 00:00,2003.1,2016.1,2002.8,2009.3
2015.11.13 00:00,2047.2,2050.4,2016.2,2016.7
2015.11.12 00:00,2074.0,2082.0,2042.9,2047.4
2015.11.11 00:00,2080.6,2092.1,2072.1,2073.8
2015.11.10 00:00,2077.6,2084.1,2069.6,2080.3
2015.11.09 00:00,2098.1,2102.9,2067.4,2077.3
2015.11.08 00:00,2097.9,2099.1,2095.9,2098.1
2015.11.06 00:00,2097.5,2104.3,2083.3,2099.4
2015.11.05 00:00,2099.2,2110.4,2090.0,2097.8
2015.11.04 00:00,2107.6,2115.8,2096.8,2099.5
2015.11.03 00:00,2101.6,2117.0,2096.1,2107.9
2015.11.02 00:00,2075.0,2106.9,2071.2,2101.3
2015.11.01 00:00,2078.8,2079.7,2072.5,2075.2
2015.10.30 00:00,2091.4,2101.5,2076.8,2080.6
2015.10.29 00:00,2087.9,2093.1,2080.2,2091.4
2015.10.28 00:00,2067.2,2092.2,2062.5,2087.6
2015.10.27 00:00,2070.2,2071.4,2058.4,2067.5
2015.10.26 00:00,2070.7,2074.9,2064.7,2069.9
2015.10.25 00:00,2072.0,2072.9,2070.2,2070.9
2015.10.23 00:00,2065.9,2081.2,2060.4,2071.9
2015.10.22 00:00,2017.4,2068.4,2017.2,2066.2
2015.10.21 00:00,2026.0,2041.0,2015.0,2017.2
2015.10.20 00:00,2033.1,2038.9,2023.3,2025.8
2015.10.19 00:00,2030.7,2035.4,2022.2,2033.4
2015.10.18 00:00,2032.3,2033.2,2030.7,2030.9
2015.10.16 00:00,2029.2,2033.9,2020.2,2033.7
2015.10.15 00:00,1995.3,2030.4,1994.8,2029.4
2015.10.14 00:00,2000.8,2009.2,1990.4,1995.5
2015.10.13 00:00,2018.5,2022.4,1998.3,2000.5
2015.10.12 00:00,2010.2,2021.5,2009.7,2018.3
2015.10.11 00:00,2013.5,2013.5,2010.0,2010.5
2015.10.09 00:00,2012.2,2021.6,2006.3,2014.7
2015.10.08 00:00,1994.5,2016.5,1979.6,2012.5
2015.10.07 00:00,1972.2,1998.9,1970.2,1994.7
2015.10.06 00:00,1981.2,1990.7,1966.1,1972.5
2015.10.05 00:00,1950.5,1988.3,1946.4,1981.4
2015.10.04 00:00,1950.6,1951.0,1946.0,1950.8
2015.10.02 00:00,1925.0,1952.3,1891.9,1951.8
2015.10.01 00:00,1913.0,1938.0,1898.6,1924.8
2015.09.30 00:00,1884.8,1919.2,1880.3,1912.7
2015.09.29 00:00,1886.7,1898.7,1870.2,1884.6
2015.09.28 00:00,1919.5,1938.6,1878.0,1886.7
2015.09.27 00:00,1923.2,1925.5,1915.5,1919.8
2015.09.25 00:00,1934.5,1960.2,1920.4,1925.3
2015.09.24 00:00,1939.0,1945.8,1907.2,1934.3
2015.09.23 00:00,1938.3,1952.3,1921.4,1939.0
2015.09.22 00:00,1974.1,1974.1,1928.2,1938.0
2015.09.21 00:00,1958.3,1979.2,1948.6,1974.1
2015.09.20 00:00,1958.8,1962.6,1956.8,1958.6
2015.09.18 00:00,1986.9,1993.4,1951.9,1957.7
2015.09.17 00:00,1994.5,2021.7,1982.6,1987.2
2015.09.16 00:00,1978.8,1998.8,1972.5,1994.2
2015.09.15 00:00,1955.1,1982.9,1944.8,1979.1
2015.09.14 00:00,1973.9,1973.9,1946.9,1955.3
2015.09.13 00:00,1958.3,1974.4,1957.0,1974.1
2015.09.11 00:00,1949.0,1962.5,1937.7,1961.6
2015.09.10 00:00,1937.7,1968.0,1929.6,1948.7
2015.09.09 00:00,1968.8,1993.0,1934.0,1937.5
2015.09.08 00:00,1940.2,1970.3,1932.2,1969.1
2015.09.07 00:00,1926.9,1945.7,1920.9,1940.2
2015.09.06 00:00,1921.1,1930.2,1916.5,1927.2
2015.09.04 00:00,1949.9,1949.9,1909.8,1921.2
2015.09.03 00:00,1953.8,1975.0,1943.5,1950.2
2015.09.02 00:00,1920.8,1959.0,1918.5,1954.0
2015.09.01 00:00,1957.0,1958.9,1900.9,1920.8
2015.08.31 00:00,1969.6,1985.8,1955.7,1957.2
2015.08.30 00:00,1988.0,1988.6,1961.6,1969.9
2015.08.28 00:00,1991.1,1995.1,1969.6,1988.3
2015.08.27 00:00,1944.6,1992.7,1937.4,1991.3
2015.08.26 00:00,1854.1,1945.7,1853.8,1944.9
2015.08.25 00:00,1892.8,1951.5,1853.6,1853.6
2015.08.24 00:00,1961.8,1965.5,1833.0,1892.8
2015.08.23 00:00,1974.3,1974.3,1953.8,1961.8
2015.08.21 00:00,2031.1,2032.1,1970.1,1972.9
2015.08.20 00:00,2078.4,2081.4,2027.7,2031.1
2015.08.19 00:00,2096.9,2101.4,2070.4,2078.4
2015.08.18 00:00,2102.8,2107.0,2094.0,2096.9
2015.08.17 00:00,2093.6,2105.1,2078.4,2102.8
2015.08.16 00:00,2092.9,2095.3,2092.5,2093.8
2015.08.14 00:00,2083.2,2094.6,2078.2,2094.1
2015.08.13 00:00,2086.4,2097.2,2077.5,2083.4
2015.08.12 00:00,2087.7,2089.7,2051.4,2086.4
2015.08.11 00:00,2105.4,2105.7,2076.0,2087.9
2015.08.10 00:00,2079.1,2106.7,2078.9,2105.7
2015.08.09 00:00,2076.7,2080.1,2076.6,2078.9
2015.08.07 00:00,2084.6,2088.1,2068.0,2078.6
2015.08.06 00:00,2098.1,2104.6,2075.7,2084.3
2015.08.05 00:00,2089.4,2113.0,2089.4,2098.3
2015.08.04 00:00,2094.5,2103.0,2088.0,2089.7
2015.08.03 00:00,2106.7,2109.2,2087.0,2094.5
2015.08.02 00:00,2105.3,2107.5,2105.3,2107.0
2015.07.31 00:00,2108.8,2115.9,2102.3,2106.4
2015.07.30 00:00,2104.9,2110.8,2094.4,2108.8
2015.07.29 00:00,2094.9,2110.9,2091.1,2105.2
2015.07.28 00:00,2072.5,2095.9,2068.4,2095.1
2015.07.27 00:00,2084.1,2087.5,2063.5,2072.5
2015.07.26 00:00,2086.5,2086.5,2082.8,2083.8
2015.07.24 00:00,2106.8,2110.8,2076.7,2085.8
2015.07.23 00:00,2117.0,2120.6,2098.4,2106.6
2015.07.22 00:00,2113.9,2118.9,2109.4,2117.2
2015.07.21 00:00,2128.2,2132.2,2113.2,2114.2
2015.07.20 00:00,2126.1,2133.6,2124.1,2128.5
2015.07.19 00:00,2126.1,2126.3,2123.9,2125.8
2015.07.17 00:00,2124.5,2127.3,2120.3,2126.6
2015.07.16 00:00,2113.8,2125.7,2113.1,2124.7
2015.07.15 00:00,2107.1,2116.1,2103.0,2114.1
2015.07.14 00:00,2100.8,2112.8,2098.1,2107.3
2015.07.13 00:00,2067.7,2102.0,2065.9,2101.1
2015.07.12 00:00,2065.0,2072.1,2061.7,2067.7
2015.07.10 00:00,2064.2,2082.0,2060.7,2077.4
2015.07.09 00:00,2051.7,2075.2,2045.6,2064.5
2015.07.08 00:00,2076.9,2077.4,2044.0,2051.9
2015.07.07 00:00,2076.7,2085.9,2043.2,2077.2
2015.07.06 00:00,2049.9,2080.7,2048.4,2076.7
2015.07.05 00:00,2049.2,2054.0,2042.2,2049.7
2015.07.03 00:00,2075.9,2079.9,2071.4,2072.9
2015.07.02 00:00,2077.8,2087.1,2070.3,2076.2
2015.07.01 00:00,2063.4,2085.4,2062.9,2077.8
2015.06.30 00:00,2063.0,2076.7,2055.2,2065.2
2015.06.29 00:00,2069.7,2091.2,2055.7,2062.7
2015.06.28 00:00,2093.5,2093.5,2062.0,2069.5
2015.06.26 00:00,2102.9,2109.2,2094.9,2104.5
2015.06.25 00:00,2110.9,2121.4,2100.8,2103.2
2015.06.24 00:00,2126.0,2126.3,2107.1,2110.9
2015.06.23 00:00,2124.9,2129.1,2120.0,2126.3
2015.06.22 00:00,2115.5,2130.7,2114.7,2125.1
2015.06.21 00:00,2105.3,2117.2,2105.3,2115.7
2015.06.19 00:00,2122.0,2126.5,2105.5,2109.2
2015.06.18 00:00,2097.7,2128.0,2091.2,2122.0
2015.06.17 00:00,2098.9,2107.7,2087.3,2098.0
2015.06.16 00:00,2082.7,2099.4,2070.9,2098.7
2015.06.15 00:00,2085.9,2090.4,2071.7,2082.7
2015.06.14 00:00,2092.7,2092.7,2081.2,2085.9
2015.06.12 00:00,2108.1,2109.4,2091.1,2094.1
2015.06.11 00:00,2104.7,2115.5,2104.2,2108.1
2015.06.10 00:00,2083.0,2109.1,2081.7,2105.0
2015.06.09 00:00,2081.6,2086.1,2070.3,2083.0
2015.06.08 00:00,2093.2,2094.9,2077.9,2081.8
2015.06.07 00:00,2092.2,2094.7,2091.7,2093.2
2015.06.05 00:00,2099.9,2104.2,2085.2,2093.7
2015.06.04 00:00,2117.1,2117.1,2093.1,2100.2
2015.06.03 00:00,2109.6,2122.4,2108.4,2117.1
2015.06.02 00:00,2113.0,2118.0,2096.5,2109.9
2015.06.01 00:00,2109.6,2119.9,2102.6,2113.0
2015.05.31 00:00,2107.2,2111.9,2107.2,2109.4
2015.05.29 00:00,2124.1,2125.1,2104.8,2109.8
2015.05.28 00:00,2122.7,2125.1,2113.1,2124.1
2015.05.27 00:00,2106.7,2127.2,2104.2,2122.9
2015.05.26 00:00,2125.3,2127.5,2099.3,2106.5
2015.05.25 00:00,2127.8,2130.0,2121.5,2125.5
2015.05.24 00:00,2126.8,2129.3,2126.8,2128.0
2015.05.22 00:00,2130.8,2134.0,2126.0,2127.8
2015.05.21 00:00,2120.5,2135.0,2119.5,2130.8
2015.05.20 00:00,2127.3,2135.6,2118.3,2120.5
2015.05.19 00:00,2130.0,2137.5,2125.0,2127.3
2015.05.18 00:00,2121.7,2132.7,2116.2,2130.3
2015.05.17 00:00,2123.0,2124.5,2121.4,2121.9
2015.05.15 00:00,2120.8,2126.8,2117.2,2124.3
2015.05.14 00:00,2100.5,2122.3,2096.2,2121.0
2015.05.13 00:00,2102.6,2110.4,2096.1,2100.5
2015.05.12 00:00,2101.3,2105.5,2084.0,2102.4
2015.05.11 00:00,2112.6,2118.1,2100.6,2101.5
2015.05.10 00:00,2111.7,2112.8,2109.7,2112.8
2015.05.08 00:00,2090.0,2118.5,2089.3,2113.5
2015.05.07 00:00,2078.1,2093.5,2062.1,2090.3
2015.05.06 00:00,2092.6,2099.5,2067.1,2078.1
2015.05.05 00:00,2115.6,2118.1,2088.1,2092.6
2015.05.04 00:00,2106.4,2121.6,2104.6,2115.3
2015.05.03 00:00,2107.7,2108.9,2106.2,2106.7
2015.05.01 00:00,2087.7,2108.9,2087.7,2108.2
2015.04.30 00:00,2103.7,2108.4,2076.9,2087.7
2015.04.29 00:00,2104.5,2114.3,2097.3,2103.4
